player_id,player_name,birth_date,nationality,primary_broad_position,primary_general_position,secondary_broad_position,secondary_general_position,season_name,height_ft,height_in,weight_lb,competition,height_ft_outlier,height_in_outlier,weight_lb_outlier
0Oq624oPq6,Kalani Kossa-Rienzi,2002-06-27,USA,DF,FB,MF,W,2024,5.0,8.0,150.0,mls,False,False,False
0Oq633E7Q6,Abdi Salim,2001-04-01,USA,DF,CB,,,2023,,,,mls,False,False,False
0Oq63n7Q6D,Eric Hassli,1981-05-03,France,FW,ST,,,2013,6.0,4.0,201.0,mls,False,False,False
0Oq63oxzQ6,Aiden McFadden,1998-09-28,USA,DF,FB,,,2022,5.0,9.0,165.0,mls,False,False,False
0Oq6la47M6,Pecka,1989-05-02,Brazil,MF,DM,,CM,2015,5.0,8.0,152.0,mls,False,False,False
0Oq6lakAM6,Ben Newnam,1991-04-18,USA,DF,FB,,,2015,5.0,10.0,165.0,mls,False,False,False
0Oq6lDAgM6,Deian Boldor,1995-02-03,Romania,DF,CB,,,2017,6.0,2.0,174.0,mls,False,False,False
0Oq6lj26M6,Samuel,1991-02-25,Brazil,FW,ST,,,2014,6.0,1.0,192.0,mls,False,False,False
0Oq6ln0zM6,Emery Welshman,1991-11-09,USA,FW,ST,,,2013,5.0,11.0,181.0,mls,False,False,False
0Oq6lp3XM6,Enzo Martinez,1990-09-29,Uruguay,MF,CM,,,2018,5.0,7.0,161.0,mls,False,False,False
0Oq6LpK2M6,Wayne Frederick,2004-06-13,Trinidad & Tobago,MF,AM,,,2024,,,,mls,False,False,False
0Oq6lYbAM6,Luiz Camargo,1987-05-04,Brazil,MF,CM,,,2013,5.0,8.0,174.0,mls,False,False,False
0Oq6O0XQ6D,Emmanuel Ledesma,1988-05-24,Argentina,MF,W,,,2019,5.0,11.0,170.0,mls,False,False,False
0Oq6oePQ6D,Arévalo Ríos,1982-01-01,Uruguay,MF,CM,,,2013,5.0,7.0,150.0,mls,False,False,False
0Oq6w9J2Q6,Augustine Williams,1997-08-03,Sierra Leone,FW,ST,,,2021,6.0,2.0,165.0,mls,False,False,False
0Oq6we8zQ6,Joshua Drack,1999-09-22,USA,MF,DM,,,2021,5.0,8.0,152.0,mls,False,False,False
0Oq6weerQ6,Andrew Wheeler-Omiunu,1994-12-01,USA,MF,CM,,,2018,5.0,9.0,174.0,mls,False,False,False
0Oq6wmydQ6,Denil Maldonado,1998-05-26,Honduras,DF,CB,,,2023,5.0,10.0,,mls,False,False,False
0Oq6wvbgQ6,Vitor Costa,1994-07-01,Brazil,DF,FB,,,2024,6.0,0.0,161.0,mls,False,False,False
0Oq6wZlXQ6,Michaell Chirinos,1995-06-17,Honduras,MF,W,FW,W,2019,5.0,5.0,146.0,mls,False,False,False
0x5g1NZQ7O,Brian Ching,1978-05-24,USA,FW,ST,,,2013,6.0,1.0,196.0,mls,False,False,False
0x5g2EwmM7,Michael Edwards,2000-11-27,USA,DF,CB,,,2024,,,,mls,False,False,False
0x5g2Ra7M7,Taylor Hunter,1993-07-07,USA,DF,FB,,,2015,6.0,0.0,174.0,mls,False,False,False
0x5g2VW7M7,Romain Gall,1995-01-31,USA,FW,ST,MF,W,2014,5.0,9.0,141.0,mls,False,False,False
0x5g2wGjM7,Bruno Gaspar,1993-04-21,Angola,DF,FB,,,2021,5.0,11.0,152.0,mls,False,False,False
0x5g2ZRZM7,Oalex Anderson,1995-11-11,St. Vincent and the Grenadines,FW,W,,,2016,5.0,8.0,154.0,mls,False,False,False
0x5g8Nwq7O,Michael Thomas,1989-03-08,USA,MF,CM,,,2013,5.0,10.0,192.0,mls,False,False,False
0x5gBe7M7O,Muhamed Keita,1990-09-02,Norway,MF,CM,,,2017,5.0,8.0,143.0,mls,False,False,False
0x5gJEVLM7,Jacob Murrell,2004-03-28,USA,FW,ST,,,2024,6.0,2.0,,mls,False,False,False
0x5gJg07M7,Malachi Jones,2003-09-23,Sierra Leone,MF,W,,,2024,5.0,10.0,,mls,False,False,False
0x5gJWwjM7,Dawid Bugaj,2004-07-09,Poland,DF,FB,,,2024,,,,mls,False,False,False
0x5gLEGRq7,Oskar Aegren,1998-09-10,Sweden,DF,CB,,,2022,6.0,2.0,179.0,mls,False,False,False
0x5gP64Pq7,Richard Balchan,1989-01-18,USA,DF,FB,,,2014,6.0,0.0,165.0,mls,False,False,False
0x5gPakRq7,Nicolás Freire,1994-02-18,Argentina,DF,CB,,,2024,6.0,1.0,176.0,mls,False,False,False
0x5gPeBPq7,Giliano Wijnaldum,1992-08-31,Netherlands,DF,FB,,,2017,5.0,11.0,168.0,mls,False,False,False
0x5gPV9Zq7,Masato Kudo,1990-05-06,Japan,FW,ST,,,2016,5.0,10.0,163.0,mls,False,False,False
0x5gPy4mq7,Danny Garcia,1993-10-14,USA,MF,AM,,,2014,5.0,4.0,146.0,mls,False,False,False
0x5gvbjM7O,Steven Vitória,1987-01-11,Canada,DF,CB,,,2015,6.0,5.0,190.0,mls,False,False,False
0x5gWwgr57,Álvaro Quezada,1999-03-04,USA,DF,FB,,,2021,5.0,9.0,150.0,mls,False,False,False
2e7Mzo75r0,Darel Russell,1980-10-22,England,MF,CM,,,2013,5.0,10.0,163.0,mls,False,False,False
2lqR7EBWQr,Nimfasha Berchimas,2008-02-22,USA,MF,W,,,2024,,,,mls,False,False,False
2lqR7pJQr0,Kléberson,1979-06-19,Brazil,MF,CM,,,2013,5.0,9.0,141.0,mls,False,False,False
2lqR7V9AQr,Georgi Minoungou,2002-07-25,Ivory Coast,MF,W,,,2024,,,,mls,False,False,False
2lqR7YEaQr,Jackson Travis,2004-02-23,USA,DF,FB,,,2024,,,,mls,False,False,False
2lqR7yoAQr,Mykhi Joyner,2006-08-30,USA,MF,W,,,2024,,,,mls,False,False,False
2lqR7yyDQr,Alessandro Biello,2006-04-07,Canada,MF,CM,,,2024,6.0,1.0,,mls,False,False,False
2lqRJ0l4qr,Hosei Kijima,2002-07-01,Japan,MF,AM,,,2024,5.0,10.0,,mls,False,False,False
2lqRj80qr0,Juninho Pernambucano,1975-01-30,Brazil,MF,CM,,,2013,5.0,10.0,157.0,mls,False,False,False
2lqRJeA4qr,Bryant Farkarlun,2001-07-14,Liberia,MF,W,,,2024,,,,mls,False,False,False
2lqRjL12qr,Brandan Craig,2004-04-07,USA,MF,DM,,,2022,6.0,1.0,159.0,mls,False,False,False
2lqRJpxnqr,Hugo Bacharach,2001-07-27,Spain,DF,CB,,,2024,,,,mls,False,False,False
2lqRJpzJqr,Jose Casas de Abadal,2000-06-20,USA,FW,W,DF,FB,2024,,,,mls,False,False,False
2lqRk034Qr,Keegan Hughes,2000-07-22,USA,DF,CB,,,2023,,,,mls,False,False,False
2lqRk08nQr,Luis Arriaga,2001-01-26,USA,MF,DM,,,2019,5.0,7.0,141.0,mls,False,False,False
2lqRk3EJQr,Walker Hume,1993-08-22,USA,DF,CB,,,2017,,,,mls,False,False,False
2lqRkdg4Qr,Raymond Lee,1993-04-26,USA,DF,FB,,,2015,5.0,11.0,176.0,mls,False,False,False
2lqRkeWaQr,Jon Bakero,1996-11-05,Spain,FW,ST,,,2018,6.0,2.0,163.0,mls,False,False,False
2lqRkj6AQr,Trevor Spangenberg,1991-04-21,USA,GK,GK,,,2014,6.0,3.0,192.0,mls,False,False,False
2lqRkjBAQr,Kyle Scott,1997-12-22,USA,MF,CM,,,2021,5.0,8.0,150.0,mls,False,False,False
2lqRkRPaQr,Fifi Baiden,1991-11-11,USA,MF,DM,,,2014,5.0,7.0,152.0,mls,False,False,False
2lqRL2JMr0,George John,1987-03-20,USA,DF,CB,,,2013,6.0,3.0,209.0,mls,False,False,False
2lqRNNLqr0,Colin Clark,1984-04-11,USA,MF,W,,,2013,6.0,0.0,176.0,mls,False,False,False
2lqRNx4qr0,Carlos Borja,1988-01-18,USA,DF,FB,,,2013,6.0,0.0,179.0,mls,False,False,False
2lqRR1wxqr,Marlon,1995-09-07,Brazil,DF,CB,,,2024,6.0,0.0,176.0,mls,False,False,False
2lqRR3wJqr,Bjørn Inge Utvik,1996-02-28,Norway,DF,CB,,,2024,6.0,0.0,165.0,mls,False,False,False
2lqRR64nqr,Sebastián Fernandez,1989-11-15,Uruguay,MF,W,,,2014,5.0,8.0,165.0,mls,False,False,False
2lqRREV4qr,Diego Martínez,1992-07-05,Argentina,DF,FB,,,2016,5.0,10.0,159.0,mls,False,False,False
2lqRRg2xqr,Marcos Sánchez,1989-12-23,Panama,MF,W,,CM,2013,5.0,9.0,154.0,mls,False,False,False
2lqRRPOJqr,Kenny Saief,1993-12-17,USA,FW,ST,,,2019,5.0,9.0,159.0,mls,False,False,False
2lqRRwrnqr,Germán Mera,1990-03-05,Colombia,DF,CB,,,2013,6.0,2.0,190.0,mls,False,False,False
2lqRRz8Jqr,Logan Emory,1988-01-10,Canada,DF,FB,,,2013,6.0,1.0,181.0,mls,False,False,False
2vQ100GqrA,Marcelo Saragosa,1982-01-22,Brazil,MF,DM,,CM,2013,6.0,0.0,176.0,mls,False,False,False
2vQ113lQrA,Fernando Bob,1988-01-07,Brazil,MF,DM,,,2018,5.0,11.0,163.0,mls,False,False,False
2vQ128xMrA,Brian Perk,1989-07-21,USA,GK,GK,,,2014,5.0,10.0,176.0,mls,False,False,False
2vQ12ROMrA,Josué Martínez,1990-03-25,Costa Rica,FW,ST,,,2013,5.0,10.0,161.0,mls,False,False,False
2vQ14nnLqr,Szabolcs Schon,2000-09-27,Hungary,MF,W,,,2021,5.0,8.0,,mls,False,False,False
2vQ14ReGqr,Fabio,1997-05-25,Brazil,FW,ST,,,2021,,,,mls,False,False,False
2vQ14xl0qr,Dylan Chambost,1997-08-19,France,MF,CM,,AM,2024,,,,mls,False,False,False
2vQ1dVlLqr,Alonso Jiménez,2001-08-20,Mexico,MF,DM,,,2024,,,,mls,False,False,False
2vQ1dyZwqr,Geovane Jesus,2001-07-31,Brazil,DF,FB,,,2023,5.0,11.0,,mls,False,False,False
2vQ1jG0bMr,Danny Flores,2002-04-06,USA,MF,W,,,2023,5.0,8.0,150.0,mls,False,False,False
2vQ1L4x4qr,Bobby Warshaw,1988-11-21,USA,MF,DM,,W,2013,6.0,0.0,185.0,mls,False,False,False
2vQ1LdEKqr,José Manuel Rivera,1986-06-16,Mexico,MF,CM,,,2013,5.0,10.0,154.0,mls,False,False,False
2vQ1Le1Oqr,Rafael Gladiador,1992-07-13,Brazil,FW,ST,,,2013,6.0,0.0,190.0,mls,False,False,False
2vQ1LEnlqr,Erick,1988-03-24,Brazil,MF,DM,,,2013,5.0,10.0,163.0,mls,False,False,False
2vQ1LRjxqr,Jaime Alas,1989-07-30,El Salvador,MF,W,,,2013,5.0,8.0,150.0,mls,False,False,False
2vQ1N8YKMr,Tomas Hilliard-Arce,1995-11-22,USA,DF,CB,,,2018,6.0,1.0,176.0,mls,False,False,False
2vQ1NBY8Mr,Joaquín Pereyra,1998-12-01,Argentina,MF,W,,,2024,5.0,11.0,159.0,mls,False,False,False
2vQ1Njr8Mr,Nick Walker,1990-01-23,Trinidad & Tobago,FW,ST,,,2014,6.0,3.0,192.0,mls,False,False,False
2vQ1XX0qrA,Domenico Criscito,1986-12-30,Italy,DF,FB,,,2022,6.0,0.0,165.0,mls,False,False,False
2vQ1zJ0MrA,Jeremy Brockie,1987-10-07,New Zealand,FW,ST,,,2013,6.0,0.0,176.0,mls,False,False,False
315V60b59x,Tim Ream,1987-10-05,USA,DF,FB,,CB,2024,6.0,1.0,176.0,mls,False,False,False
315V7AgEq9,Peyton Miller,2007-11-08,USA,DF,FB,,,2024,,,,mls,False,False,False
315V7An9q9,Christian McFarlane,2007-01-25,USA,DF,FB,,,2024,6.0,0.0,139.0,mls,False,False,False
315V7EGvq9,Ismael Koné,2002-06-06,Ivory Coast,MF,CM,,,2022,6.0,2.0,168.0,mls,False,False,False
315VBbE59x,Gorka Larrea,1984-04-07,Spain,MF,DM,,,2014,5.0,11.0,165.0,mls,False,False,False
315VdlXQ9x,Gale Agbossoumonde,1991-11-17,USA,DF,CB,,,2013,6.0,2.0,185.0,mls,False,False,False
315VedBGM9,Mitchell Taintor,1994-09-11,USA,DF,CB,,,2018,6.0,2.0,185.0,mls,False,False,False
315VedN9M9,Joe Nasco,1984-06-18,USA,GK,GK,,,2014,6.0,3.0,207.0,mls,False,False,False
315Veg7YM9,Bradlee Baladez,1991-08-08,USA,MF,W,,,2013,6.0,1.0,185.0,mls,False,False,False
315VeK4YM9,Raphael Augusto,1991-03-06,Brazil,MF,CM,,AM,2013,5.0,11.0,172.0,mls,False,False,False
315VeN4YM9,Anderson Conceicão,1989-10-24,Brazil,DF,CB,,,2016,6.0,2.0,179.0,mls,False,False,False
315VenZbM9,Emmanuel Más,1989-01-15,Argentina,DF,FB,,,2021,5.0,11.0,179.0,mls,False,False,False
315VevzEM9,Anthony Arena,1990-08-03,USA,DF,CB,,,2013,5.0,11.0,172.0,mls,False,False,False
315VkJ7nq9,Georges Mukumbilwa,1999-09-23,Canada,MF,CM,,,2019,5.0,11.0,161.0,mls,False,False,False
315VkkGq9x,Jermain Defoe,1982-10-07,England,FW,ST,,,2014,5.0,7.0,143.0,mls,False,False,False
315VPg0EQ9,Christian Torres,2004-04-15,USA,FW,W,,,2020,5.0,10.0,141.0,mls,False,False,False
315VPR6vQ9,Petar Musa,1998-03-04,Croatia,FW,ST,,,2024,,,,mls,False,False,False
315VrKY59x,Wells Thompson,1983-11-25,USA,DF,FB,,,2013,5.0,10.0,157.0,mls,False,False,False
315Vv9b59x,Adrien Regattin,1991-08-22,Morocco,FW,ST,,,2020,5.0,6.0,146.0,mls,False,False,False
315VX3kGQ9,Wan Kuzain,1998-09-14,USA,MF,CM,,,2018,5.0,10.0,132.0,mls,False,False,False
315VXepvQ9,Matt Bersano,1992-09-10,USA,GK,GK,,,2022,6.0,1.0,185.0,mls,False,False,False
315VXO8XQ9,Tomas Totland,1999-09-28,Norway,DF,FB,,,2024,5.0,11.0,,mls,False,False,False
315VXoGEQ9,Jordan McCrary,1993-07-28,USA,DF,FB,,,2018,5.0,9.0,165.0,mls,False,False,False
315VXzv6Q9,Mario González,1996-02-25,Spain,FW,ST,,,2023,,,,mls,False,False,False
3Xj5Y7wQbd,Zat Knight,1980-05-02,England,DF,CB,,,2014,6.0,6.0,227.0,mls,False,False,False
4JMA0w7QKg,Jo Inge Berget,1990-09-11,Norway,FW,ST,,,2018,6.0,0.0,172.0,mls,False,False,False
4JMA8koOQK,Joshua Bolma,2002-04-10,Ghana,MF,DM,,,2023,5.0,9.0,135.0,mls,False,False,False
4JMA9lv2MK,José Hernández,1996-04-12,USA,MF,W,,,2017,5.0,3.0,126.0,mls,False,False,False
4JMA9y3YMK,Isaac Angking,2000-01-24,USA,MF,W,,,2018,5.0,10.0,159.0,mls,False,False,False
4JMAaDJ9MK,Charlie Rugg,1990-10-02,USA,FW,ST,,,2013,6.0,0.0,192.0,mls,False,False,False
4JMAaDnlMK,Stéfano Pinho,1991-01-12,Brazil,MF,W,FW,ST,2018,6.0,1.0,172.0,mls,False,False,False
4JMAaExYMK,Fraser Aird,1995-02-02,Canada,DF,FB,,,2016,5.0,8.0,154.0,mls,False,False,False
4JMAaOVDMK,Shay Facey,1995-01-07,England,DF,CB,,,2015,5.0,10.0,141.0,mls,False,False,False
4JMAaozOMK,Josh Ford,1987-11-06,USA,GK,GK,,,2015,6.0,0.0,181.0,mls,False,False,False
4JMAkzG1qK,Axel Kei,2007-12-30,USA,FW,ST,,,2023,6.0,1.0,161.0,mls,False,False,False
4JMAkzjkqK,Ervin Torres,2007-11-14,USA,MF,CM,,,2024,,,,mls,False,False,False
4JMALwAlQK,Giovanni Aguilar,1998-03-08,USA,MF,DM,,,2023,6.0,0.0,176.0,mls,False,False,False
4JMAomalqK,José Fajardo,1993-08-18,Panama,FW,ST,,,2023,5.0,11.0,176.0,mls,False,False,False
4JMAoZr1qK,Kamron Habibullah,2003-11-23,Canada,MF,CM,FW,ST,2021,5.0,7.0,150.0,mls,False,False,False
4JMAR995Kg,Danny Califf,1980-03-17,USA,DF,CB,,,2013,6.0,2.0,185.0,mls,False,False,False
4wM420oAqj,Ian Christianson,1991-03-06,USA,DF,FB,,,2014,5.0,11.0,157.0,mls,False,False,False
4wM42Nxdqj,Angeliño,1997-01-04,Spain,DF,FB,,,2015,5.0,7.0,152.0,mls,False,False,False
4wM42WlNqj,Gelmin Rivas,1989-03-23,Venezuela,FW,ST,,,2020,6.0,1.0,185.0,mls,False,False,False
4wM42XlqjB,Jamie Smith,1980-11-20,Scotland,MF,CM,,,2013,5.0,8.0,165.0,mls,False,False,False
4wM42xoAqj,Harry Novillo,1992-02-11,France,FW,W,,,2019,6.0,0.0,176.0,mls,False,False,False
4wM46RpqjB,Emil Forsberg,1991-10-23,Sweden,MF,W,,AM,2024,5.0,10.0,168.0,mls,False,False,False
4wM4aeDN5j,Joel Qwiberg,1992-10-09,Sweden,DF,FB,,,2018,5.0,7.0,150.0,mls,False,False,False
4wM4ao0z5j,Kristoffer Reaves,1995-10-11,USA,DF,CB,,FB,2018,6.0,2.0,161.0,mls,False,False,False
4wM4aRPp5j,Samuel Shashoua,1999-05-13,England,MF,W,FW,ST,2024,,,,mls,False,False,False
4wM4aRZA5j,Ben McKendry,1993-03-25,Canada,MF,CM,,,2017,5.0,11.0,159.0,mls,False,False,False
4wM4awnp5j,Joey Calistri,1993-11-20,USA,FW,W,,,2016,5.0,10.0,161.0,mls,False,False,False
4wM4E1og5j,Malcolm Fry,2005-05-15,USA,FW,ST,,,2024,5.0,9.0,157.0,mls,False,False,False
4wM4J01Nqj,Rocco Rios Novo,2002-06-04,Argentina,GK,GK,,,2022,5.0,10.0,154.0,mls,False,False,False
4wM4J12kqj,Omar Browne,1994-05-03,Panama,FW,W,,,2019,5.0,8.0,159.0,mls,False,False,False
4wM4J9zlqj,Pedro de la Vega,2001-02-07,Argentina,MF,W,,,2024,5.0,9.0,148.0,mls,False,False,False
4wM4JbWzqj,Carl Sainté,2002-08-09,Haiti,MF,DM,,CM,2024,6.0,1.0,181.0,mls,False,False,False
4wM4JGRNqj,Joshué Quiñonez,2001-05-29,Ecuador,DF,CB,,FB,2022,5.0,11.0,172.0,mls,False,False,False
4wM4JkaAqj,Thiago Fernandes,2001-03-13,Brazil,MF,W,,,2022,,,,mls,False,False,False
4wM4JrbBqj,Pavel Bucha,1998-03-11,Czech Republic,MF,CM,,,2024,5.0,9.0,154.0,mls,False,False,False
4wM4kvpQjB,Maicon Santos,1984-04-18,Brazil,FW,ST,,,2013,6.0,1.0,187.0,mls,False,False,False
4wM4LABMjB,Kristinn Steindórsson,1990-04-29,Iceland,MF,W,,,2015,5.0,8.0,154.0,mls,False,False,False
4wM4pJzNMj,Ibrahim Kasule,2004-02-17,Uganda,MF,W,,,2023,,,,mls,False,False,False
4wM4pp44Mj,Joey Akpunonu,2001-12-21,USA,DF,FB,,,2023,6.0,3.0,185.0,mls,False,False,False
7vQ736YGQD,Luis González,1990-12-22,Venezuela,MF,W,,DM,2017,5.0,7.0,146.0,mls,False,False,False
7vQ73B4GQD,Konrad Warzycha,1989-02-14,USA,MF,CM,,,2013,6.0,1.0,192.0,mls,False,False,False
7vQ7Ba4YqD,Marlon Vargas,2001-01-12,USA,MF,CM,,,2023,5.0,4.0,135.0,mls,False,False,False
7vQ7BardqD,Frederik Kleemann,1999-03-19,USA,MF,DM,DF,CB,2021,6.0,4.0,,mls,False,False,False
7vQ7eNPO5D,Mohammed Sofo,,Ghana,MF,W,,,2024,,,,mls,False,False,False
7vQ7J8JYqD,Joseph Paintsil,1998-02-01,Ghana,FW,W,,,2024,5.0,7.0,154.0,mls,False,False,False
7vQ7JODqD1,John Thorrington,1979-10-17,USA,MF,CM,,,2013,5.0,8.0,152.0,mls,False,False,False
7vQ7r78eqD,Jeremiah Gutjahr,1997-08-10,USA,DF,FB,,,2019,5.0,10.0,161.0,mls,False,False,False
7vQ7rJ3eqD,Thiago Santos,1989-09-05,Brazil,MF,DM,,,2020,5.0,11.0,172.0,mls,False,False,False
7vQ7rKGYqD,Andrew Thomas,1998-09-01,USA,GK,GK,,,2024,6.0,2.0,,mls,False,False,False
7vQ7rmKYqD,Abraham Romero,1998-02-18,Mexico,GK,GK,,,2024,6.0,3.0,179.0,mls,False,False,False
7vQ7rvleqD,Matheus Silva,1996-12-08,Brazil,MF,CM,,,2016,6.0,2.0,196.0,mls,False,False,False
7vQ7rWkEqD,Timo Pitter,1992-09-01,Germany,MF,AM,,,2016,5.0,8.0,161.0,mls,False,False,False
7vQ7X1OMD1,Agustín Pelletieri,1982-05-17,Argentina,MF,CM,,DM,2014,5.0,8.0,161.0,mls,False,False,False
7vQ7xgKOMD,Sergio Oregel,2005-05-16,USA,MF,DM,,,2022,5.0,9.0,143.0,mls,False,False,False
7vQ7xGkYMD,Oscar Verhoeven,2006-05-31,USA,DF,FB,,,2024,,,,mls,False,False,False
7vQ7xpBzMD,Taha Habroune,2006-02-05,USA,MF,AM,,,2024,,,,mls,False,False,False
7vQ7xWmYMD,Édier Ocampo,2003-10-03,Colombia,DF,FB,,,2024,5.0,8.0,146.0,mls,False,False,False
7VqG00lAQv,Benjamin Redzic,2002-09-26,USA,MF,DM,,,2022,5.0,11.0,154.0,mls,False,False,False
7VqG00yjQv,Adam Armour,2002-09-27,USA,MF,W,,,2022,5.0,9.0,146.0,mls,False,False,False
7VqG044WQv,Mateo Bajamich,1999-08-03,Argentina,FW,ST,,,2021,,,,mls,False,False,False
7VqG080xQv,Nicksoen Gomis,2002-03-15,France,DF,CB,,,2024,,,,mls,False,False,False
7VqG0VJWQv,Jacob Akanyirige,2001-12-30,USA,DF,CB,,,2020,5.0,11.0,159.0,mls,False,False,False
7VqG0xmYQv,Cole Mrowka,2006-04-06,USA,MF,AM,,,2024,,,,mls,False,False,False
7VqG3Kk6qv,Belal Halbouni,1999-12-29,Syria,DF,CB,,,2024,6.0,2.0,187.0,mls,False,False,False
7VqG3nxqvW,Pablo Mastroeni,1976-08-29,USA,MF,CM,,DM,2013,5.0,10.0,172.0,mls,False,False,False
7VqG3oYqvW,Florent Sinama-Pongolle,1984-10-20,France,FW,ST,MF,W,2014,5.0,9.0,154.0,mls,False,False,False
7VqG3Vmjqv,Patrick Yazbek,2002-04-05,Australia,MF,CM,,,2024,6.0,0.0,172.0,mls,False,False,False
7VqGDgAQvW,David Junior Hoilett,1990-06-05,Canada,FW,ST,,,2023,5.0,8.0,154.0,mls,False,False,False
7VqGeBYMvW,Peterson Joseph,1990-04-24,Haiti,MF,CM,,,2013,5.0,8.0,132.0,mls,False,False,False
7VqGG6dqvW,Mike Chabala,1984-05-24,USA,DF,FB,,,2013,6.0,0.0,176.0,mls,False,False,False
7VqGgNjqvW,Milos Kocic,1985-06-04,Serbia,GK,GK,,,2013,6.0,4.0,201.0,mls,False,False,False
7VqGJAXx5v,Eric Dick,1994-10-03,USA,GK,GK,,,2019,6.0,5.0,205.0,mls,False,False,False
7VqGjbre5v,Bruno Wilson,1996-12-27,Portugal,DF,CB,,,2024,6.0,4.0,172.0,mls,False,False,False
7VqGjKre5v,Nico Benalcazar,2001-06-06,USA,MF,CM,,,2023,5.0,11.0,154.0,mls,False,False,False
7VqGLa36Qv,Kimani Stewart-Baynes,,Canada,MF,W,,,2024,5.0,9.0,,mls,False,False,False
7VqGmAvAMv,Christian Mafla,1993-01-15,Colombia,DF,FB,,,2021,5.0,9.0,154.0,mls,False,False,False
7VqGmePWMv,Michael Bustamante,1989-09-21,USA,MF,CM,,,2013,5.0,9.0,161.0,mls,False,False,False
7VqGmGZzMv,Eric Bird,1993-04-08,USA,MF,DM,,,2018,5.0,11.0,174.0,mls,False,False,False
7VqGmlO3Mv,Matthew Jones,1986-11-05,England,GK,GK,,,2016,6.0,3.0,183.0,mls,False,False,False
7VqGmmzzMv,Luis Muriel,1991-04-16,Colombia,FW,ST,,,2024,5.0,10.0,174.0,mls,False,False,False
7VqGmWK6Mv,Andrés Escobar,1991-05-04,Colombia,MF,W,,,2014,5.0,6.0,146.0,mls,False,False,False
7VqGnBd5vW,Borek Dockal,1988-09-30,Czech Republic,MF,AM,,,2018,6.0,0.0,159.0,mls,False,False,False
9vQ22Ap9QK,George Acosta,2000-01-19,USA,MF,CM,,,2022,5.0,7.0,130.0,mls,False,False,False
9vQ22omrQK,Samuel Tetteh,1996-07-28,Ghana,FW,ST,MF,AM,2020,5.0,11.0,150.0,mls,False,False,False
9vQ22PPmQK,José Leitón,1993-08-06,Costa Rica,MF,W,,,2017,5.0,9.0,159.0,mls,False,False,False
9vQ22vLrQK,Brandon Austin,1999-01-07,England,GK,GK,,,2021,6.0,2.0,181.0,mls,False,False,False
9vQ248BL5K,Idan Toklomati,2004-08-09,Israel,MF,W,,,2024,6.0,0.0,,mls,False,False,False
9vQ24BKm5K,Giuseppe Bovalina,2004-11-11,Australia,DF,FB,,,2024,,,,mls,False,False,False
9vQ24Do5K6,Andreas Görlitz,1982-01-31,Germany,DF,FB,,,2014,5.0,11.0,172.0,mls,False,False,False
9vQ24Gkx5K,Agustín Ojeda,2004-06-19,Argentina,MF,W,,,2024,,,,mls,False,False,False
9vQ2B4LQK6,Adailton,1983-04-16,Brazil,DF,CB,,,2015,6.0,3.0,181.0,mls,False,False,False
9vQ2d66e5K,Stian Gregersen,1995-05-17,Norway,DF,CB,,,2024,6.0,3.0,183.0,mls,False,False,False
9vQ2da7x5K,Ezequiel Cirigliano,1992-01-24,Argentina,MF,DM,,,2015,5.0,8.0,154.0,mls,False,False,False
9vQ2dlLa5K,Charlie Ward,1995-02-14,England,MF,DM,,CM,2017,5.0,8.0,161.0,mls,False,False,False
9vQ2NWOYQK,Yutaro Tsukada,,Japan,MF,W,,,2024,,,,mls,False,False,False
9vQ2P9L5K6,Brad Ring,1987-04-07,USA,DF,CB,,,2013,5.0,10.0,165.0,mls,False,False,False
9vQ2RBLQK6,Pablo Pintos,1987-07-01,Uruguay,DF,FB,,,2014,6.0,0.0,161.0,mls,False,False,False
9vQ2VxoQK6,Bashkim Kadrii,1991-07-09,Denmark,MF,W,,,2017,5.0,9.0,157.0,mls,False,False,False
9vQ2X1x5K6,Julio César,1979-09-03,Brazil,GK,GK,,,2014,6.0,1.0,176.0,mls,False,False,False
9vQ2x7r5K6,Camilo Sanvezzo,1988-07-21,Brazil,FW,W,,,2013,5.0,7.0,157.0,mls,False,False,False
9vQ2XzY5K6,Clyde Simms,1982-08-21,USA,MF,CM,,DM,2013,5.0,10.0,168.0,mls,False,False,False
9vQ2YEmqK6,Rafael Romo,1990-02-25,Venezuela,GK,GK,,,2022,6.0,6.0,187.0,mls,False,False,False
9vQ2ZdlYQK,Alfonso Ocampo-Chavez,2002-03-25,USA,FW,ST,,,2019,5.0,9.0,128.0,mls,False,False,False
9vQ2ZdoLQK,Selmir Pidro,1998-03-03,Bosnia and Herzegovina,DF,FB,,,2023,,,,mls,False,False,False
9vQ2ZDwaQK,J.C. Ngando,1999-11-20,Cameroon,MF,CM,,,2023,,,,mls,False,False,False
9vQ2ZemeQK,Mac Steeves,1994-07-31,USA,MF,AM,FW,ST,2018,6.0,3.0,205.0,mls,False,False,False
9vQ2ZEYoQK,Strahinja Tanasijević,1997-06-12,Serbia,DF,CB,,,2024,6.0,0.0,161.0,mls,False,False,False
9vQ2ZlkaQK,Matthew Edwards,2003-02-17,USA,DF,CB,,,2024,5.0,10.0,174.0,mls,False,False,False
9vQ2ZoR7QK,Andrés Herrera,1998-11-03,Argentina,DF,FB,,,2024,,,,mls,False,False,False
9vQ2ZrB1QK,Stipe Biuk,2002-12-26,Croatia,FW,W,,,2023,,,,mls,False,False,False
9vQ2Zx1xQK,Azaad Liadi,1998-05-14,USA,MF,AM,,,2022,6.0,1.0,185.0,mls,False,False,False
9Yqd6OVEMv,Zach Ryan,1999-01-14,USA,FW,ST,,,2022,6.0,0.0,161.0,mls,False,False,False
9Yqd6zYOMv,Steffen Yeates,2000-01-04,Canada,DF,FB,MF,CM,2022,5.0,6.0,157.0,mls,False,False,False
9YqdEp7QvJ,Sinisa Ubiparipovic,1983-08-25,Bosnia and Herzegovina,FW,ST,,,2013,5.0,9.0,154.0,mls,False,False,False
9Yqdj0LMvJ,Fernando Meza,1990-03-21,Argentina,DF,CB,,,2020,5.0,9.0,141.0,mls,False,False,False
9Yqdkdym5v,Rafael Baca,1989-09-11,Mexico,MF,CM,,,2013,5.0,8.0,161.0,mls,False,False,False
9Yqdko995v,Ryan Richter,1989-04-12,USA,DF,FB,,,2013,6.0,2.0,176.0,mls,False,False,False
9YqdKPj5vJ,Ryan Shawcross,1987-10-04,England,DF,CB,,,2021,6.0,3.0,168.0,mls,False,False,False
9YqdkXVO5v,Cristian Tello,1991-08-11,Spain,FW,W,,,2022,5.0,10.0,143.0,mls,False,False,False
9YqdljOqvJ,Blerim Dzemaili,1986-04-12,Switzerland,MF,CM,,AM,2017,5.0,10.0,161.0,mls,False,False,False
9YqdW9a85v,Aaron Bibout,2004-09-03,Cameroon,FW,ST,,,2023,,,,mls,False,False,False
9YqdxKjqvJ,Oguchi Onyewu,1982-05-13,USA,DF,CB,,,2017,6.0,5.0,201.0,mls,False,False,False
9z5k36ra5A,Loïc Mesanvi,2003-10-06,Togo,FW,W,,,2024,,,,mls,False,False,False
9z5k76Yd5A,Alexandros Katranis,1998-05-04,Greece,DF,FB,,,2024,5.0,9.0,154.0,mls,False,False,False
9z5k7OJJ5A,Yeferson Soteldo,1997-06-30,Venezuela,MF,W,,,2021,5.0,3.0,121.0,mls,False,False,False
9z5k7VrY5A,Toni Datkovic,1993-11-06,Croatia,DF,CB,,,2021,6.0,3.0,172.0,mls,False,False,False
9z5kabkaQA,Gabriel Farfán,1988-06-23,USA,MF,CM,,,2013,5.0,10.0,165.0,mls,False,False,False
9z5kaDXPQA,Anton Nedyalkov,1993-04-30,Bulgaria,DF,FB,,,2018,6.0,0.0,154.0,mls,False,False,False
9z5kb9JgMA,Joshua Penn,2000-11-25,USA,FW,ST,MF,AM,2021,5.0,10.0,161.0,mls,False,False,False
9z5kbdvPMA,Iván Franco,2000-04-16,Paraguay,FW,W,MF,W,2023,5.0,7.0,146.0,mls,False,False,False
9z5kDYaqA3,Jon Erice,1986-11-03,Spain,MF,DM,,,2019,5.0,10.0,159.0,mls,False,False,False
9z5knaeMA3,Keon Daniel,1987-01-16,Trinidad & Tobago,MF,CM,,,2013,6.0,1.0,172.0,mls,False,False,False
9z5kPRgqA3,Félix Borja,1983-04-02,Ecuador,FW,ST,,,2014,5.0,10.0,157.0,mls,False,False,False
9z5kxLlqA3,Víctor Pérez,1988-01-12,Spain,MF,CM,,,2015,5.0,10.0,157.0,mls,False,False,False
9z5kzxeMA3,Matías Sánchez,1987-08-18,Argentina,MF,CM,,,2013,5.0,8.0,157.0,mls,False,False,False
a35rBOLG5L,Omar Valencia,2004-06-08,Panama,MF,CM,,,2024,5.0,11.0,154.0,mls,False,False,False
a35rByv25L,Mikael Marques,2001-09-08,Sweden,MF,W,,,2023,6.0,0.0,165.0,mls,False,False,False
a35rGGBqL6,Jonas Elmer,1988-02-28,Switzerland,DF,FB,,,2013,5.0,9.0,152.0,mls,False,False,False
a35rKJdeqL,Sam Hamilton,1995-07-27,USA,MF,CM,,,2017,6.0,1.0,176.0,mls,False,False,False
a35rKXALqL,Rodrigo Saravia,1993-02-22,Guatemala,DF,CB,,,2016,6.0,0.0,174.0,mls,False,False,False
a35rKXowqL,Joaquín Fernández,1996-05-31,Spain,DF,CB,,,2024,6.0,3.0,159.0,mls,False,False,False
a35rl2EKQL,Luciano Abecasis,1990-06-04,Argentina,DF,FB,,,2021,5.0,9.0,161.0,mls,False,False,False
a35rl7d4QL,Yordany Alvarez,1985-05-24,Cuba,MF,DM,,,2013,5.0,10.0,165.0,mls,False,False,False
a35rl8kwQL,Omar Gaber,1992-01-30,Egypt,DF,FB,MF,W,2018,5.0,8.0,159.0,mls,False,False,False
a35rl9BBQL,Billy Schuler,1990-04-27,USA,FW,ST,,,2014,5.0,11.0,172.0,mls,False,False,False
a35rlwN2QL,Javier Calle,1991-04-29,Colombia,DF,FB,,,2015,5.0,9.0,163.0,mls,False,False,False
a35rn0o5L6,Henok Goitom,1984-09-16,Sweden,FW,ST,,,2016,6.0,2.0,190.0,mls,False,False,False
a35rW2BqL6,Giuseppe Rossi,1987-02-01,Italy,MF,AM,FW,ST,2020,5.0,8.0,159.0,mls,False,False,False
a35rydwBML,Harrison Robledo,2002-02-08,USA,MF,CM,DF,FB,2022,5.0,7.0,,mls,False,False,False
aDQ0023QEv,Matt Pickens,1982-04-05,USA,GK,GK,,,2013,6.0,3.0,201.0,mls,False,False,False
aDQ00AlQEv,Kevin Long,1990-08-18,Republic of Ireland,DF,CB,,,2024,6.0,2.0,183.0,mls,False,False,False
aDQ0a83BME,Justin Davis,1988-05-06,USA,DF,FB,,CB,2017,5.0,9.0,161.0,mls,False,False,False
aDQ0aG9pME,Aleksey Miranchuk,1995-10-17,Russia,MF,AM,,,2024,6.0,0.0,148.0,mls,False,False,False
aDQ0aNepME,Davy Armstrong,1991-11-03,USA,DF,FB,,,2014,5.0,10.0,152.0,mls,False,False,False
aDQ0knRqEv,Markus Holgersson,1985-04-16,Sweden,DF,CB,,,2013,6.0,2.0,174.0,mls,False,False,False
aDQ0l9zGQE,Yosuke Hanya,1999-01-30,Japan,FW,ST,,,2023,,,,mls,False,False,False
aDQ0lelQEv,Eldin Jakupovic,1984-10-02,Switzerland,GK,GK,,,2023,6.0,3.0,187.0,mls,False,False,False
aDQ0Nd7l5E,Thomas Roberts,2001-05-11,USA,MF,AM,,,2019,5.0,11.0,146.0,mls,False,False,False
aDQ0NdJP5E,Sean Rea,2002-05-15,Canada,MF,AM,,,2023,5.0,7.0,139.0,mls,False,False,False
aDQ0NemE5E,Alan Winn,1996-02-18,USA,MF,W,,,2020,5.0,10.0,165.0,mls,False,False,False
aDQ0NmXW5E,Javier Pérez,1996-03-29,Spain,MF,CM,,,2019,5.0,9.0,161.0,mls,False,False,False
aDQ0NzoB5E,Jordan Adebayo-Smith,2001-01-11,USA,FW,ST,,,2024,5.0,11.0,179.0,mls,False,False,False
aDQ0O43qEv,Rob Friend,1981-01-23,Canada,FW,ST,,,2014,6.0,5.0,207.0,mls,False,False,False
aDQ0ol2qEv,Luis Marín,1983-05-18,Chile,GK,GK,,,2015,6.0,1.0,192.0,mls,False,False,False
aDQ0PeLRQE,Emrah Klimenta,1991-02-13,Montenegro,DF,FB,,,2018,6.0,1.0,181.0,mls,False,False,False
aDQ0PwNpQE,Chidozie Awaziem,1997-01-01,Nigeria,DF,CB,,,2024,6.0,2.0,172.0,mls,False,False,False
aDQ0PZY3QE,Pep Biel,1996-09-05,Spain,MF,W,,,2024,5.0,6.0,137.0,mls,False,False,False
aDQ0Y4vMEv,Steven Taylor,1986-01-23,England,DF,CB,,,2016,6.0,2.0,179.0,mls,False,False,False
aDQ0z3P5Ev,Ahmed Kantari,1985-06-28,Morocco,DF,CB,,,2015,6.0,1.0,181.0,mls,False,False,False
BLMv64lMxe,Adolfo Bautista,1979-05-15,Mexico,FW,ST,MF,W,2014,6.0,0.0,168.0,mls,False,False,False
BLMv77485x,Tommy Silva,2002-02-21,USA,DF,FB,,,2024,6.0,0.0,163.0,mls,False,False,False
BLMv7Dl35x,Omar Sowe,2000-10-28,USA,FW,ST,,,2021,6.0,1.0,181.0,mls,False,False,False
BLMv7o775x,Jeremy Garay,2003-04-01,USA,FW,ST,,,2024,5.0,9.0,130.0,mls,False,False,False
BLMv7oaB5x,Djibril Diani,1998-02-11,France,MF,DM,,CM,2024,6.0,5.0,165.0,mls,False,False,False
BLMv7wO85x,Yerson Mosquera,2001-05-02,Colombia,DF,CB,,,2023,6.0,2.0,168.0,mls,False,False,False
BLMvEoAQxe,Rolando Escobar,1981-10-24,Panama,FW,ST,,,2015,6.0,0.0,154.0,mls,False,False,False
BLMvkAAR5x,Danley Jean Jacques,2000-05-20,Haiti,MF,DM,,,2024,,,,mls,False,False,False
BLMvl1yAqx,Favio Álvarez,1993-01-23,Argentina,MF,AM,,,2019,6.0,0.0,154.0,mls,False,False,False
BLMvl7ORqx,Brian Sylvestre,1992-12-19,Haiti,GK,GK,,,2015,6.0,5.0,201.0,mls,False,False,False
BLMvleeWqx,Lucas Janson,1994-08-16,Argentina,FW,ST,,,2018,5.0,7.0,148.0,mls,False,False,False
BLMvlJ83qx,Ager Aketxe,1993-12-30,Spain,MF,CM,,,2018,5.0,9.0,152.0,mls,False,False,False
BLMvllkAqx,Edwin Gyasi,1991-07-01,Ghana,MF,W,,,2019,6.0,1.0,172.0,mls,False,False,False
BLMvLx8qxe,Martin Paterson,1987-05-13,Northern Ireland,MF,W,,,2015,5.0,9.0,157.0,mls,False,False,False
BLMvNN3Mxe,Florentin Pogba,1990-08-19,Guinea,DF,CB,,,2019,6.0,2.0,194.0,mls,False,False,False
BLMvXoBqxe,Wilfried Moimbé,1988-10-18,France,DF,FB,,,2019,5.0,8.0,148.0,mls,False,False,False
BLMvzGl8Mx,Wilson Harris,1999-11-28,USA,FW,ST,,,2021,6.0,0.0,163.0,mls,False,False,False
BLMvzNDjMx,Luis Binks,2001-09-02,England,DF,CB,,,2020,6.0,2.0,190.0,mls,False,False,False
e7Mz4lGqr0,Steward Ceus,1987-03-26,USA,GK,GK,,,2013,6.0,6.0,207.0,mls,False,False,False
e7Mz7N95r0,Akira Kaji,1980-01-13,Japan,DF,FB,,,2014,5.0,9.0,163.0,mls,False,False,False
e7Mz9bO7Qr,Terrence Boyd,1991-02-16,USA,FW,ST,,,2019,6.0,2.0,196.0,mls,False,False,False
e7Mz9jAGQr,Alex Martinez,1991-08-25,USA,MF,CM,,,2014,5.0,8.0,161.0,mls,False,False,False
e7Mz9xyOQr,Ramón Ábila,1989-10-14,Argentina,FW,ST,,,2021,5.0,9.0,185.0,mls,False,False,False
e7Mzkwj5r0,Sainey Nyassi,1989-01-31,Gambia,MF,W,,,2013,5.0,8.0,157.0,mls,False,False,False
e7Mzl0O6qr,Nikola Vujnovic,1997-01-11,Montenegro,FW,ST,,,2022,,,,mls,False,False,False
e7Mzl98Gqr,Raúl Gudiño,1996-04-22,Mexico,GK,GK,,,2022,6.0,5.0,179.0,mls,False,False,False
EGMP1j9x5a,Rory O'Driscoll,2000-02-16,USA,FW,ST,,,2024,,,,mls,False,False,False
EGMP4ByMaY,Ryan Johnson,1984-11-26,Jamaica,FW,ST,,,2013,6.0,1.0,181.0,mls,False,False,False
EGMP4WVMaY,Hugo Lloris,1986-12-26,France,GK,GK,,,2024,6.0,2.0,181.0,mls,False,False,False
EGMPgD4QaY,Jaime Castrillon,1983-04-05,Colombia,MF,W,,,2013,5.0,11.0,185.0,mls,False,False,False
EGMPGL6QaY,Alfredo Ortuño,1991-01-21,Spain,FW,ST,,,2018,6.0,0.0,170.0,mls,False,False,False
EGMPgnAQaY,Tony Lochhead,1982-01-12,New Zealand,DF,FB,,,2014,6.0,0.0,185.0,mls,False,False,False
EGMPKjkQaY,Emiliano Insúa,1989-01-07,Argentina,DF,FB,,,2020,5.0,11.0,174.0,mls,False,False,False
EGMPlRmVMa,Juan Ramírez,1993-05-25,Argentina,MF,W,,,2015,5.0,9.0,150.0,mls,False,False,False
EGMPLX0MaY,Edgar Mejía,1988-07-17,Mexico,MF,CM,,,2013,5.0,9.0,154.0,mls,False,False,False
EGMPnJX0qa,Kévin Oliveira,1996-06-08,Republic of Cape Verde,MF,CM,,,2017,5.0,7.0,150.0,mls,False,False,False
EGMPRpB0qa,Luca Langoni,2002-02-09,Argentina,MF,W,,,2024,5.0,8.0,146.0,mls,False,False,False
EGMPXgjMaY,Kenwyne Jones,1984-10-05,Trinidad & Tobago,FW,ST,,,2017,6.0,2.0,185.0,mls,False,False,False
EGMPYGr5aY,David Carney,1983-11-30,Australia,DF,FB,,,2013,5.0,11.0,154.0,mls,False,False,False
EGMPZGYrqa,Stephen Turnbull,1998-03-13,USA,DF,FB,,,2023,,,,mls,False,False,False
EGMPZxNrqa,Yekeson Subah,2004-02-13,Liberia,MF,W,,,2023,5.0,11.0,174.0,mls,False,False,False
eV5D01ZA5K,Mike da Fonte,1991-04-18,USA,DF,FB,,,2017,6.0,0.0,170.0,mls,False,False,False
eV5D0K4Z5K,Grant Ward,1994-12-05,England,MF,W,,,2014,5.0,10.0,161.0,mls,False,False,False
eV5D0n7O5K,Dan Metzger,1993-08-06,USA,MF,W,,,2017,5.0,9.0,154.0,mls,False,False,False
eV5D8YE5Kn,Kevin Harbottle,1990-06-08,Chile,FW,W,,,2013,5.0,5.0,146.0,mls,False,False,False
eV5DadeAqK,Jordan Faria,2000-06-13,Canada,FW,W,,,2023,5.0,6.0,159.0,mls,False,False,False
eV5DBBYQKn,Juan Carlos Toja,1985-05-24,Colombia,MF,CM,FW,ST,2013,6.0,1.0,176.0,mls,False,False,False
eV5DGBAMKn,David Jensen,1992-03-25,Denmark,GK,GK,,,2020,6.0,5.0,203.0,mls,False,False,False
eV5DL0wO5K,Justin Schmidt,1993-11-03,USA,DF,CB,,FB,2017,6.0,1.0,201.0,mls,False,False,False
eV5DLDna5K,Uriel Antuna,1997-08-21,Mexico,MF,W,,,2019,5.0,9.0,130.0,mls,False,False,False
eV5DLKnn5K,Lachlan Brook,2001-02-08,Australia,MF,W,,,2024,5.0,10.0,152.0,mls,False,False,False
eV5DLnbR5K,Ignacio Maganto,1992-01-02,Spain,MF,W,,,2015,5.0,8.0,141.0,mls,False,False,False
eV5DLPJY5K,Seyi Adekoya,1995-12-12,USA,FW,ST,,,2017,5.0,11.0,170.0,mls,False,False,False
eV5DRkZQKn,Shalrie Joseph,1978-05-24,Grenada,MF,CM,,,2013,6.0,3.0,181.0,mls,False,False,False
eV5DxNn5Kn,Toni Dovale,1990-04-04,Spain,FW,W,,,2014,5.0,8.0,154.0,mls,False,False,False
eV5DzD0ZQK,Dennis Gjengaar,2004-02-24,Norway,MF,W,,,2024,,,,mls,False,False,False
eVq32O0D5W,Victor Griffith,2000-12-12,Panama,MF,CM,,,2023,5.0,9.0,,mls,False,False,False
eVq3aaDGMW,David Rocha,1985-02-07,Spain,MF,DM,,W,2016,5.0,10.0,170.0,mls,False,False,False
eVq3ak4GMW,Botond Baráth,1992-04-21,Hungary,DF,CB,,,2019,6.0,2.0,165.0,mls,False,False,False
eVq3aLDvMW,Alvin Jones,1994-09-07,Trinidad & Tobago,DF,FB,,,2020,,,,mls,False,False,False
eVq3alzDMW,Mikkel Desler,1995-02-19,Denmark,DF,FB,,,2024,6.0,0.0,161.0,mls,False,False,False
eVq3anEgMW,Alexi Gómez,1993-03-04,Peru,DF,FB,MF,W,2018,5.0,9.0,139.0,mls,False,False,False
eVq3aVY6MW,Michael Petrasso,1995-07-09,Canada,DF,FB,,,2018,5.0,7.0,141.0,mls,False,False,False
eVq3g1nqWO,Carlos Carmona,1987-02-21,Chile,MF,DM,,,2017,5.0,10.0,150.0,mls,False,False,False
eVq3j3ly5W,Tony Gallacher,1999-07-23,Scotland,DF,FB,,,2020,5.0,8.0,,mls,False,False,False
eVq3j7aw5W,Justin McMaster,1999-06-30,USA,MF,W,,,2021,5.0,10.0,163.0,mls,False,False,False
eVq3jgbX5W,Samba,1992-09-23,Guinea-Bissau,DF,CB,,,2016,6.0,1.0,154.0,mls,False,False,False
eVq3jJYw5W,Jonathan González,1999-04-13,Mexico,MF,CM,,W,2022,5.0,9.0,137.0,mls,False,False,False
eVq3jmnV5W,David Martínez,1998-01-21,Argentina,DF,CB,,,2024,5.0,11.0,181.0,mls,False,False,False
eVq3jO1D5W,Rodrigo Pacheco,1996-08-15,Argentina,MF,W,,,2018,5.0,10.0,168.0,mls,False,False,False
eVq3jvxX5W,Rasheed Olabiyi,1990-08-08,Nigeria,MF,CM,,,2015,6.0,0.0,,mls,False,False,False
eVq3jx1g5W,José Guillermo Ortiz,1992-06-20,Costa Rica,FW,ST,,,2017,5.0,8.0,,mls,False,False,False
eVq3v9n5WO,Olivier Giroud,1986-09-30,France,FW,ST,,,2024,6.0,4.0,205.0,mls,False,False,False
eVq3X4wQWO,Hogan Ephraim,1988-03-31,England,MF,W,FW,ST,2013,5.0,9.0,154.0,mls,False,False,False
eVq3xb9XQW,Daniel Trejo,1998-04-29,USA,FW,W,,,2022,5.0,9.0,161.0,mls,False,False,False
eVq3xbmgQW,Davó,1999-08-16,Brazil,MF,DM,,,2021,5.0,10.0,150.0,mls,False,False,False
eVq3xgpwQW,Lamine Diack,2000-11-15,Senegal,MF,W,,,2024,6.0,1.0,,mls,False,False,False
eVq3xypvQW,Simon Colyn,2002-03-23,Canada,MF,W,,,2018,5.0,9.0,146.0,mls,False,False,False
eVq3y6KGMW,David Martínez,2006-02-07,Venezuela,FW,W,,,2024,5.0,10.0,150.0,mls,False,False,False
eVq3yl2jMW,Victor Eriksson,2000-09-17,Sweden,DF,CB,,,2024,6.0,4.0,,mls,False,False,False
eVq3yPAGMW,Morris Duggan,2000-10-24,Germany,DF,CB,,,2024,,,,mls,False,False,False
eVq3zAy5WO,Pablo Álvarez,1980-05-14,Spain,MF,W,,AM,2015,5.0,9.0,148.0,mls,False,False,False
eVq3zwj5WO,Christian Fuchs,1986-04-07,Austria,DF,FB,,CB,2022,6.0,2.0,196.0,mls,False,False,False
gjMN37Y5Kp,Winston Reid,1988-07-03,New Zealand,DF,CB,,,2020,6.0,3.0,192.0,mls,False,False,False
gjMN694KMK,Abdoul Zanne,2003-02-18,Ivory Coast,FW,ST,,,2022,5.0,5.0,130.0,mls,False,False,False
gjMN6wzjMK,Favian Loyola,2005-05-18,USA,MF,AM,,,2023,,,,mls,False,False,False
gjMNbgpMKp,Daniele Paponi,1988-04-16,Italy,FW,ST,,,2013,5.0,10.0,146.0,mls,False,False,False
gjMNGDY5Kp,Luis Bolaños,1985-03-27,Ecuador,MF,W,,,2014,5.0,9.0,143.0,mls,False,False,False
gjMNjAK4MK,Edward Kizza,1998-12-17,Uganda,FW,ST,,,2021,,,,mls,False,False,False
gjMNKgv5Kp,Samuel Ochoa,1986-09-04,USA,FW,ST,,,2013,6.0,0.0,190.0,mls,False,False,False
gjMNR0vBMK,Patrick Seagrist,1998-02-21,USA,DF,FB,,,2020,6.0,0.0,174.0,mls,False,False,False
gjMNRJkkMK,Joshua Smith,1992-03-10,USA,DF,CB,,,2017,,,,mls,False,False,False
gjMNRl1pMK,Alex Gersbach,1997-05-08,Australia,DF,FB,,,2023,6.0,0.0,161.0,mls,False,False,False
gjMNRlApMK,Ronaldo Cisneros,1997-01-08,Mexico,FW,ST,,,2022,5.0,10.0,154.0,mls,False,False,False
gjMNRpYYMK,Gordon Wild,1995-10-16,Germany,MF,AM,FW,ST,2020,5.0,10.0,165.0,mls,False,False,False
gjMNvDAkMK,Greg Klazura,1989-01-27,USA,DF,FB,,CB,2013,5.0,11.0,165.0,mls,False,False,False
gjMNvE1KMK,Manolo Sánchez,1991-11-10,USA,MF,W,,,2015,6.0,0.0,205.0,mls,False,False,False
gjMNvP63MK,Xavier Kouassi,1989-12-28,Ivory Coast,MF,DM,,,2017,5.0,9.0,152.0,mls,False,False,False
gjMNvzNjMK,Chris Cadden,1996-09-19,Scotland,DF,FB,,,2020,6.0,0.0,168.0,mls,False,False,False
gjMNWyv5Kp,Diego Calderón,1986-10-26,Ecuador,DF,CB,,,2013,5.0,11.0,174.0,mls,False,False,False
gOMn2jBXMw,Alec Smir,1999-04-13,USA,GK,GK,,,2024,,,,mls,False,False,False
gOMn6DwAMw,Joseph Holland,1993-04-20,England,MF,W,,,2017,5.0,10.0,170.0,mls,False,False,False
gOMn6m3OMw,Federico Bravo,1993-10-05,Argentina,MF,DM,,CM,2016,6.0,1.0,181.0,mls,False,False,False
gOMn6w4eMw,Andy Craven,1992-01-21,USA,FW,ST,,,2015,5.0,11.0,168.0,mls,False,False,False
gOMn6yyXMw,Éver Alvarado,1992-01-30,Honduras,FW,W,,,2016,5.0,10.0,,mls,False,False,False
gOMn6zeOMw,Diego Rodríguez,1991-01-08,Uruguay,DF,CB,,,2015,6.0,3.0,168.0,mls,False,False,False
gOMna9OOQw,Forster Ajago,2001-08-16,Ghana,FW,ST,,,2024,,,,mls,False,False,False
gOMnaJEJQw,Tomas Pondeca,2001-10-10,USA,MF,AM,,CM,2024,,,,mls,False,False,False
gOMnbn8MwN,Yannick Boli,1988-01-13,France,FW,ST,,,2018,6.0,0.0,161.0,mls,False,False,False
gOMnl3ZXqw,Marcelo Weigandt,2000-01-11,Argentina,DF,FB,,,2024,5.0,7.0,163.0,mls,False,False,False
gOMnl7PAqw,Piero Elias,2002-09-08,USA,MF,W,,,2024,,,,mls,False,False,False
gOMnld7xqw,Paul Christensen,1996-04-15,USA,GK,GK,,,2018,6.0,1.0,190.0,mls,False,False,False
gOMnlKNeqw,Liel Abada,2001-10-03,Israel,MF,W,,,2024,5.0,5.0,,mls,False,False,False
gOMnlp9eqw,Matti Peltola,2002-07-03,Finland,DF,CB,MF,DM,2024,6.0,1.0,,mls,False,False,False
gOMnlpeXqw,Jack Gurr,1995-11-26,England,DF,FB,,,2021,5.0,8.0,161.0,mls,False,False,False
gOMnlpw8qw,Juninho,2001-01-23,Brazil,MF,DM,,,2023,5.0,9.0,170.0,mls,False,False,False
gOMnlWY8qw,Jaziel Orozco,2004-06-02,USA,DF,CB,,,2022,,,,mls,False,False,False
gOMnlYO6qw,Roberto Avila,2000-10-16,USA,MF,W,,,2022,5.0,8.0,143.0,mls,False,False,False
gOMnlYPAqw,Damiano Pecile,2002-04-11,Canada,FW,ST,,,2020,5.0,10.0,161.0,mls,False,False,False
gOMnPAOqwN,Laurent Courtois,1978-09-11,France,MF,W,,CM,2013,5.0,8.0,154.0,mls,False,False,False
gOMnR08XMw,Joaquín Ardáiz,1999-01-11,Uruguay,FW,ST,,,2019,6.0,0.0,179.0,mls,False,False,False
gOMnR0w8Mw,Christopher Wehan,1994-01-29,USA,MF,W,,,2018,5.0,9.0,141.0,mls,False,False,False
gOMnR9bXMw,Tom Pearce,1998-04-12,England,DF,FB,,,2024,6.0,1.0,,mls,False,False,False
gOMnRE8BMw,Marcel Hartel,1996-01-19,Germany,MF,W,,,2024,5.0,10.0,150.0,mls,False,False,False
gOMnRK4xMw,Miguel Camargo,1993-09-05,,FW,W,,,2017,5.0,11.0,170.0,mls,False,False,False
gOMnRmNmMw,Ian Hoffman,2001-09-08,USA,DF,FB,,,2021,5.0,7.0,135.0,mls,False,False,False
gOMnRNm8Mw,Jeisson Vargas,1997-09-15,Chile,FW,ST,,,2018,5.0,7.0,150.0,mls,False,False,False
gOMnRPlOMw,Alejandro Zendejas,1998-02-07,USA,MF,W,,,2015,5.0,5.0,146.0,mls,False,False,False
gOMnRVm8Mw,Nicolás Stefanelli,1994-01-22,Argentina,MF,W,,AM,2023,5.0,5.0,159.0,mls,False,False,False
gOMnv0OMwN,Andraz Struna,1989-04-23,Slovenia,DF,FB,,,2017,6.0,1.0,159.0,mls,False,False,False
gOMnvaBMwN,Samuel Inkoom,1989-06-01,Ghana,MF,W,DF,FB,2014,5.0,10.0,165.0,mls,False,False,False
gOMnXVOqwN,John Bostock,1992-01-15,England,MF,W,,,2013,5.0,10.0,165.0,mls,False,False,False
gpMO1aRqzy,Ramiro Corrales,1977-03-12,USA,MF,W,,,2013,6.0,0.0,181.0,mls,False,False,False
gpMO4XD5zy,Óscar Ustari,1986-07-03,Argentina,GK,GK,,,2024,6.0,0.0,181.0,mls,False,False,False
gpMOa0D1qz,Marcelo Palomino,2001-05-21,USA,MF,DM,,,2020,5.0,7.0,154.0,mls,False,False,False
gpMOa1XOqz,Alex Morrell,1994-05-11,USA,FW,ST,,,2016,5.0,7.0,141.0,mls,False,False,False
gpMOa9aRqz,Ashley Fletcher,1995-10-02,England,FW,ST,,,2022,6.0,1.0,172.0,mls,False,False,False
gpMOaDWrqz,Tomás Pochettino,1996-02-01,Argentina,MF,CM,,,2021,5.0,10.0,165.0,mls,False,False,False
gpMOag9Dqz,Michael Estrada,1996-04-07,Ecuador,FW,ST,,,2022,6.0,1.0,190.0,mls,False,False,False
gpMOalORqz,Nicholas Scardina,2001-06-22,USA,MF,W,,,2024,5.0,11.0,163.0,mls,False,False,False
gpMOaoG7qz,Adam Bedell,1991-12-01,USA,FW,ST,,,2014,6.0,7.0,205.0,mls,False,False,False
gpMOaPn1qz,Nicholas Hagen,1996-08-02,Guatemala,GK,GK,,,2024,6.0,4.0,176.0,mls,False,False,False
gpMOaWD2qz,Luiz Fernando,1995-05-08,Brazil,MF,DM,,,2018,5.0,10.0,163.0,mls,False,False,False
gpMOawV2qz,Logan Ketterer,1993-11-09,USA,GK,GK,,,2021,5.0,11.0,146.0,mls,False,False,False
gpMOe7GOqz,Emiro Garcés,2001-10-11,Colombia,DF,CB,,,2024,,,,mls,False,False,False
gpMOeEDEqz,Rubén Ramos Jr.,2007-01-22,USA,FW,ST,,,2024,5.0,9.0,154.0,mls,False,False,False
gpMOL0G15z,Matthew Bell,2002-08-27,Jamaica,MF,W,,,2024,6.0,0.0,,mls,False,False,False
gpMOL68O5z,Adolfo Enriquez,2006-04-16,USA,MF,AM,,,2024,,,,mls,False,False,False
gpMOo1PRMz,Luke Singh,2001-09-12,Trinidad & Tobago,DF,CB,,,2021,6.0,2.0,163.0,mls,False,False,False
gpMOoa2RMz,Chris Kablan,1994-11-30,Switzerland,MF,W,,,2022,5.0,9.0,152.0,mls,False,False,False
gpMOokN7Mz,Calegari,2002-02-27,Brazil,DF,FB,,,2023,,,,mls,False,False,False
gpMOoOjnMz,Kwaku Owusu,2000-12-13,Ghana,DF,CB,,,2022,,,,mls,False,False,False
gpMOoor7Mz,Jeorgio Kocevski,2002-08-19,USA,MF,DM,,,2024,,,,mls,False,False,False
gpMOopORMz,Hernán López,2000-09-07,Argentina,MF,AM,,,2024,5.0,6.0,,mls,False,False,False
gpMOoYj1Mz,Missael Rodríguez,2003-02-09,USA,MF,W,,,2023,5.0,9.0,161.0,mls,False,False,False
gpMOrZv2Qz,Sidnei Tavares,2001-09-29,Portugal,MF,DM,,,2023,,,,mls,False,False,False
gpMOxZO5zy,Emil Larsen,1991-06-22,Denmark,MF,W,,,2016,5.0,11.0,161.0,mls,False,False,False
gpMOy2yqzy,Magnus Wolff Eikrem,1990-08-08,Norway,MF,W,,,2018,5.0,8.0,152.0,mls,False,False,False
gpMOzAxnQz,John Stiven Mendoza,1992-06-27,Colombia,FW,W,,,2016,5.0,8.0,154.0,mls,False,False,False
gpMOZk2Qzy,Geoffrey Castillion,1991-05-25,Netherlands,FW,ST,,,2014,6.0,3.0,172.0,mls,False,False,False
gpMOzrjDQz,Tom Heinemann,1987-04-23,USA,FW,ST,,,2013,6.0,4.0,181.0,mls,False,False,False
gpMOzvmDQz,Gideon Baah,1991-10-01,Ghana,DF,CB,,,2016,6.0,0.0,183.0,mls,False,False,False
gpMOzy3RQz,Walter Restrepo,1988-06-21,USA,FW,ST,MF,W,2016,5.0,8.0,152.0,mls,False,False,False
jYQJ170EqG,Manuel Castro,1995-09-27,Uruguay,MF,W,,,2020,5.0,9.0,159.0,mls,False,False,False
jYQJ1dWDqG,José Adolfo Valencia,1991-12-18,Colombia,FW,ST,,,2013,6.0,1.0,181.0,mls,False,False,False
jYQJ1kXEqG,Dane Kelly,1991-02-09,Jamaica,DF,FB,,,2018,5.0,11.0,159.0,mls,False,False,False
jYQJ1PddqG,Leonardo Bertone,1994-03-14,Switzerland,MF,DM,,CM,2019,5.0,10.0,159.0,mls,False,False,False
jYQJ1ZRDqG,Pele van Anholt,1991-04-23,Netherlands,DF,FB,,,2017,5.0,7.0,157.0,mls,False,False,False
jYQJ6PEQGR,Lisandro López,1983-03-02,Argentina,FW,ST,,,2021,5.0,9.0,163.0,mls,False,False,False
jYQJa3zDqG,Jhon Durán,2003-12-13,Colombia,FW,ST,,,2022,6.0,1.0,161.0,mls,False,False,False
jYQJa4pBqG,José Mulato,2003-01-09,Colombia,FW,ST,,,2023,5.0,11.0,165.0,mls,False,False,False
jYQJa67yqG,Rodrigo Piñeiro,1999-05-05,Uruguay,MF,W,,,2021,5.0,9.0,146.0,mls,False,False,False
jYQJa6EZqG,Allan Arigoni,1998-11-04,Switzerland,DF,FB,,,2024,6.0,0.0,176.0,mls,False,False,False
jYQJaaOEqG,Hunter Sulte,2002-04-25,USA,GK,GK,,,2021,6.0,5.0,181.0,mls,False,False,False
jYQJaD9yqG,Jordan Bender,2001-07-09,USA,MF,W,,,2020,5.0,1.0,146.0,mls,False,False,False
jYQJaDnDqG,Leo Afonso,2001-07-13,Brazil,FW,W,MF,W,2024,5.0,11.0,159.0,mls,False,False,False
jYQJam8BqG,Ilijah Paul,2002-07-26,USA,FW,ST,,,2023,6.0,0.0,179.0,mls,False,False,False
jYQJaXjkqG,Jordy Alcívar,1999-08-05,Ecuador,MF,CM,,,2022,5.0,8.0,157.0,mls,False,False,False
jYQJbkDQGR,Christian Fernández,1985-10-15,Spain,DF,FB,,,2014,6.0,0.0,170.0,mls,False,False,False
jYQJgDREMG,Mohamed Traore,2002-08-15,Senegal,DF,CB,,,2020,,,,mls,False,False,False
jYQJgEJdMG,Cavan Sullivan,2009-09-28,USA,MF,AM,FW,ST,2024,,,,mls,False,False,False
jYQJgJvdMG,Koa Santos,1999-09-21,USA,MF,W,,,2022,5.0,10.0,159.0,mls,False,False,False
jYQJgokGMG,Lazar Stefanovic,2006-08-10,USA,DF,CB,,,2023,,,,mls,False,False,False
jYQJgRXGMG,João Pedro,2003-03-14,Brazil,DF,FB,,,2024,6.0,0.0,161.0,mls,False,False,False
jYQJnEGQGR,Nana Attakora,1989-03-27,Canada,DF,CB,,,2013,6.0,1.0,185.0,mls,False,False,False
jYQJxmD5GR,Benjamin Angoua,1986-11-28,Ivory Coast,DF,CB,,,2017,6.0,0.0,159.0,mls,False,False,False
jYQJxXE5GR,Samuel Armenteros,1990-05-27,Sweden,FW,ST,,,2018,5.0,11.0,176.0,mls,False,False,False
jYQJYXLkqG,Oliver Semmle,1998-03-28,Germany,GK,GK,,,2024,6.0,4.0,201.0,mls,False,False,False
jYQJYXpPqG,Tyrese Spicer,2000-12-04,Trinidad & Tobago,DF,FB,,,2024,6.0,1.0,,mls,False,False,False
jYQJz8kZQG,Kris Tyrpak,1992-05-07,USA,MF,W,FW,ST,2014,5.0,11.0,146.0,mls,False,False,False
jYQJzDXEQG,Emanuel Cecchini,1996-12-24,Argentina,MF,DM,,,2019,5.0,10.0,170.0,mls,False,False,False
jYQJzjEQGR,Marcus Hahnemann,1972-06-15,USA,GK,GK,,,2013,6.0,3.0,220.0,mls,False,False,False
jYQJzjRyQG,Kyle Morton,1994-03-31,USA,GK,GK,,,2021,6.0,4.0,190.0,mls,False,False,False
jYQJzoPWQG,Daniel Bedoya,1994-02-13,USA,MF,W,,,2019,5.0,6.0,,mls,False,False,False
jYQJzrGyQG,Emiliano Amor,1995-05-16,Argentina,DF,CB,,,2018,6.0,0.0,176.0,mls,False,False,False
jYQJzwYyQG,Brian Brown,1992-12-24,Jamaica,FW,ST,,,2014,6.0,1.0,185.0,mls,False,False,False
jYQJZzEQGR,Joe Cannon,1975-01-01,USA,GK,GK,,,2013,6.0,2.0,201.0,mls,False,False,False
KAqB49JMbg,Gareth Bale,1989-07-16,Wales,FW,W,,ST,2022,6.0,1.0,179.0,mls,False,False,False
KAqB964m5b,Conor Donovan,1996-01-08,USA,DF,CB,,,2015,6.0,2.0,176.0,mls,False,False,False
KAqB97xV5b,Victor Bezerra,2000-02-05,USA,FW,ST,DF,FB,2022,6.0,0.0,174.0,mls,False,False,False
KAqB98Em5b,Lindo Mfeka,1994-03-30,South Africa,DF,FB,,,2017,5.0,6.0,154.0,mls,False,False,False
KAqB9EbX5b,Alan Steven Franco,1998-08-21,Ecuador,MF,W,,CM,2022,5.0,9.0,163.0,mls,False,False,False
KAqB9g2m5b,Harold Hanson,1999-07-16,Italy,MF,W,,,2017,5.0,9.0,165.0,mls,False,False,False
KAqB9K1v5b,Bartosz Slisz,1999-03-29,Poland,MF,DM,,CM,2024,5.0,11.0,168.0,mls,False,False,False
KAqB9LnX5b,Brian Fernández,1994-09-26,Argentina,FW,ST,,,2019,5.0,7.0,154.0,mls,False,False,False
KAqB9NNA5b,Tyler Turner,1996-03-04,USA,DF,FB,,,2015,5.0,10.0,154.0,mls,False,False,False
KAqB9oj75b,Grayson Barber,2000-05-03,USA,FW,W,,,2021,5.0,9.0,165.0,mls,False,False,False
KAqB9POB5b,Abdul Rwatubyaye,1996-10-23,Rwanda,DF,CB,,,2019,6.0,1.0,176.0,mls,False,False,False
KAqB9v6A5b,John Neeskens,1993-11-17,Spain,MF,W,,,2014,6.0,1.0,161.0,mls,False,False,False
KAqBbvXqbg,Nicolás Gaitán,1988-02-23,Argentina,MF,AM,,,2019,5.0,8.0,146.0,mls,False,False,False
KAqBjNRJqb,Conor Shanosky,1991-12-13,USA,DF,CB,,,2013,6.0,4.0,185.0,mls,False,False,False
KAqBjVjmqb,Stuart Armstrong,1992-03-30,Scotland,MF,CM,,,2024,6.0,0.0,165.0,mls,False,False,False
KAqBjzb4qb,Adam Henley,1994-06-14,Wales,DF,FB,,,2018,5.0,10.0,176.0,mls,False,False,False
KAqBka7BQb,Michael Wentzel,2002-04-10,Germany,DF,CB,,,2024,6.0,2.0,183.0,mls,False,False,False
KAqBkB7vQb,Isaiah Jones,2006-04-08,USA,MF,CM,,W,2024,,,,mls,False,False,False
KAqBkoBQbg,Lee Young-Pyo,1977-04-23,South Korea,DF,FB,,,2013,5.0,9.0,152.0,mls,False,False,False
KAqBkWvJQb,Jovan Mijatović,2005-07-11,Serbia,FW,ST,,,2024,,,,mls,False,False,False
KAqBN2aVqb,Nikolas Dyhr,2001-06-18,Denmark,DF,FB,,,2024,5.0,10.0,132.0,mls,False,False,False
KAqBNbaWqb,Efrain Morales,2004-03-04,USA,DF,CB,,,2024,6.0,3.0,170.0,mls,False,False,False
KAqBNdyZqb,Kelvin Yeboah,2000-05-06,Italy,FW,ST,,,2024,6.0,0.0,161.0,mls,False,False,False
KAqBNLbvqb,Richard Ledezma,2000-09-06,USA,FW,ST,MF,AM,2023,5.0,9.0,141.0,mls,False,False,False
KAqBNrRXqb,Noah Eile,2002-07-19,Sweden,DF,CB,,,2024,,,,mls,False,False,False
KAqBNYNXqb,Jacob Greene,2003-03-23,USA,DF,FB,,,2023,5.0,7.0,141.0,mls,False,False,False
KAqBRgBqbg,Guly do Prado,1981-12-31,Brazil,FW,ST,,,2015,6.0,2.0,172.0,mls,False,False,False
KAqBvobJqb,Luis Müller,2001-02-12,Germany,FW,W,DF,FB,2024,6.0,2.0,,mls,False,False,False
KAqBvvRmqb,Shakur Mohammed,2003-08-27,Ghana,MF,CM,,,2024,5.0,10.0,159.0,mls,False,False,False
KPqj72gEQ6,Peter-Lee Vassell,1998-02-03,Jamaica,MF,CM,,DM,2019,5.0,11.0,132.0,mls,False,False,False
KPqj7DpnQ6,Adrián Zendejas,1995-08-30,USA,GK,GK,,,2019,6.0,5.0,185.0,mls,False,False,False
KPqj7dxnQ6,Pierre Reedy,1998-01-11,USA,MF,W,,,2022,,,,mls,False,False,False
KPqj7K72Q6,Cedric Teuchert,1997-01-14,Germany,FW,ST,MF,AM,2024,6.0,0.0,176.0,mls,False,False,False
KPqj7VbYQ6,Matías Rojas,1995-11-03,Paraguay,MF,CM,FW,W,2024,6.0,1.0,159.0,mls,False,False,False
KPqj7Y0BQ6,Matty Longstaff,2000-03-21,England,MF,CM,,,2024,,,,mls,False,False,False
KPqjB6Rq6v,Jimmy Nielsen,1977-08-06,Denmark,GK,GK,,,2013,6.0,3.0,201.0,mls,False,False,False
KPqjBBNBq6,Jefferson Díaz,2000-12-05,Colombia,DF,CB,,,2024,,,,mls,False,False,False
KPqjbp2q6v,Dane Richards,1983-12-14,Jamaica,MF,W,,,2015,5.0,7.0,154.0,mls,False,False,False
KPqjEa456v,Carlos Valdés,1985-05-22,Colombia,DF,CB,,,2014,6.0,0.0,176.0,mls,False,False,False
KPqjGLPQ6v,Nosa,1990-11-09,Nigeria,MF,DM,,,2017,6.0,0.0,172.0,mls,False,False,False
KPqjK0kYQ6,Steven Sserwadda,2002-08-28,Uganda,MF,DM,,,2022,5.0,10.0,163.0,mls,False,False,False
KPqjKN62Q6,Show,1999-03-06,Angola,MF,CM,,,2024,5.0,11.0,165.0,mls,False,False,False
KPqjkoEQ6v,Chris Albright,1979-01-14,USA,FW,ST,MF,CM,2013,6.0,1.0,181.0,mls,False,False,False
KPqjKWmyQ6,James Igbekeme,1995-07-04,Nigeria,FW,W,,,2022,5.0,7.0,146.0,mls,False,False,False
KPqjKY48Q6,Laurence Wyke,1996-09-20,England,DF,CB,,FB,2020,6.0,1.0,183.0,mls,False,False,False
KPqjo9RNQ6,Dennis Iapichino,1990-07-27,Switzerland,DF,FB,,,2013,5.0,10.0,161.0,mls,False,False,False
KPqjoaX8Q6,Jorge Claros,1986-01-08,Honduras,MF,DM,,,2014,5.0,9.0,157.0,mls,False,False,False
KPqjXJnM6v,Daniel Antunez,1986-02-10,USA,MF,CM,,,2013,5.0,10.0,172.0,mls,False,False,False
KPqjZd8q6v,Gláuber,1983-08-05,Brazil,DF,CB,,,2013,6.0,3.0,170.0,mls,False,False,False
kRQa2L2LMK,Evan Louro,1996-01-19,USA,GK,GK,,,2024,6.0,3.0,225.0,mls,False,False,False
kRQa2NpbMK,Aidan Daniels,1998-09-06,Canada,MF,W,,,2018,5.0,9.0,165.0,mls,False,False,False
kRQa2okMKZ,Alessandro Nesta,1976-03-19,Italy,DF,CB,,,2013,6.0,1.0,176.0,mls,False,False,False
kRQa7Ro5KZ,Dani Fragoso,1982-03-31,Spain,FW,ST,,,2014,5.0,8.0,161.0,mls,False,False,False
kRQabOROMK,Jun Marques Davidson,1983-06-07,Japan,MF,DM,,,2013,6.0,2.0,165.0,mls,False,False,False
kRQabXDmMK,Yony González,1994-07-11,Colombia,FW,ST,MF,W,2020,6.0,0.0,165.0,mls,False,False,False
kRQabyN8MK,Jonathan Rodríguez,1993-07-06,Uruguay,MF,W,,,2024,5.0,11.0,172.0,mls,False,False,False
kRQao63j5K,London Aghedo,2000-05-31,USA,DF,CB,,,2024,,,,mls,False,False,False
kRQaopnY5K,David Schnegg,1998-09-29,Austria,DF,FB,,,2024,6.0,1.0,176.0,mls,False,False,False
kRQaovVo5K,Gabriel Pec,2001-02-11,Brazil,FW,W,MF,W,2024,5.0,10.0,139.0,mls,False,False,False
kRQax61qKZ,Fredrik Gulbrandsen,1992-09-10,Norway,FW,ST,,,2017,5.0,10.0,165.0,mls,False,False,False
kRQazJjMKZ,Facundo Coria,1987-05-28,Argentina,FW,ST,MF,W,2015,5.0,11.0,172.0,mls,False,False,False
KXMe39a6q6,Andrew Rick,2006-01-30,USA,GK,GK,,,2024,,,,mls,False,False,False
KXMe4kPQ64,Marcus Tracy,1986-10-02,USA,FW,ST,MF,CM,2013,6.0,1.0,172.0,mls,False,False,False
KXMe4W2Q64,Philip Lund,1989-09-05,Denmark,FW,ST,,,2013,5.0,9.0,159.0,mls,False,False,False
KXMe8BVrQ6,Jefferson Valverde,1999-05-04,Ecuador,DF,FB,,,2024,,,,mls,False,False,False
KXMe8evxQ6,Joe Scally,2002-12-31,USA,DF,FB,,,2020,6.0,0.0,176.0,mls,False,False,False
KXMe8JD2Q6,Pedro Amador,1998-12-18,Portugal,DF,FB,,,2024,5.0,11.0,161.0,mls,False,False,False
KXMe8WD1Q6,Facundo Farías,2002-08-28,Argentina,FW,W,,ST,2023,,,,mls,False,False,False
KXMe8Y2vQ6,Justin Che,2003-11-18,USA,DF,FB,,,2021,5.0,4.0,159.0,mls,False,False,False
KXMeEzPM64,Efraín Juárez,1988-02-22,Mexico,MF,CM,,,2018,5.0,9.0,137.0,mls,False,False,False
KXMegX31q6,Tyger Smalls,2001-09-18,England,FW,W,MF,W,2024,,,,mls,False,False,False
KXMekmrPq6,Josh Cohen,1992-08-18,USA,GK,GK,,,2024,6.0,1.0,174.0,mls,False,False,False
KXMekw02q6,Rece Buckmaster,1996-07-07,USA,DF,FB,,,2019,5.0,8.0,137.0,mls,False,False,False
KXMekY1Xq6,Connor Sparrow,1994-05-10,USA,GK,GK,,,2020,6.0,2.0,181.0,mls,False,False,False
KXMekz9Pq6,Jeremy Kelly,1997-10-21,USA,DF,FB,,,2020,5.0,9.0,150.0,mls,False,False,False
KXMeO4D6q6,Christian Ortíz,1992-08-20,Argentina,MF,CM,FW,ST,2022,5.0,7.0,154.0,mls,False,False,False
KXMeOVpXq6,Marcelo,1989-07-27,Brazil,DF,CB,,,2019,6.0,0.0,163.0,mls,False,False,False
KXMeYlxM64,Brandon McDonald,1986-01-16,USA,DF,CB,,,2013,6.0,1.0,185.0,mls,False,False,False
lgpMOvnQzy,Carlo Cudicini,1973-09-06,Italy,GK,GK,,,2013,6.0,1.0,163.0,mls,False,False,False
ljqE1Lwqx0,Leonardo Jara,1991-05-20,Argentina,DF,FB,,,2019,5.0,10.0,159.0,mls,False,False,False
ljqE212OQx,Francis Atuahene,1996-06-08,Ghana,MF,W,,,2019,5.0,11.0,170.0,mls,False,False,False
ljqE2jbwQx,Léo Pereira,1996-01-31,Brazil,DF,CB,,,2017,6.0,2.0,185.0,mls,False,False,False
ljqE2oxkQx,Sergio Campbell,1992-01-16,Jamaica,DF,CB,,,2015,6.0,4.0,198.0,mls,False,False,False
ljqE2yXAQx,Emmanuel Appiah,1993-09-26,USA,MF,CM,,,2016,5.0,10.0,165.0,mls,False,False,False
ljqEJGGOQx,Federico Redondo,2003-01-18,Argentina,MF,CM,,,2024,6.0,2.0,165.0,mls,False,False,False
ljqEjOY4Qx,Ricardo Velazco,1993-05-26,USA,MF,W,,,2017,5.0,8.0,152.0,mls,False,False,False
ljqEjvzwQx,Érik Correa,1992-07-20,Colombia,FW,ST,,,2013,6.0,1.0,192.0,mls,False,False,False
ljqEJWxzQx,Dominik Marczuk,2003-11-01,Poland,MF,W,,,2024,5.0,11.0,163.0,mls,False,False,False
ljqELA3E5x,Matthew Hoppe,2001-03-13,USA,MF,W,,AM,2023,6.0,3.0,176.0,mls,False,False,False
ljqELaBw5x,Youba Diarra,1998-03-24,Mali,MF,CM,,DM,2021,5.0,10.0,174.0,mls,False,False,False
ljqELvRw5x,Filip Yavorov Krastev,2001-10-15,Bulgaria,MF,CM,,,2023,5.0,10.0,,mls,False,False,False
ljqEVnKkQx,Daniel Kinumbe,1999-03-15,Canada,DF,FB,,,2019,5.0,8.0,139.0,mls,False,False,False
ljqEWR4Mx0,Daniel Woolard,1984-05-22,USA,DF,CB,,,2013,5.0,10.0,157.0,mls,False,False,False
N6Mm70bZqE,Jaime Frias,1993-02-18,USA,DF,FB,,,2013,5.0,11.0,163.0,mls,False,False,False
N6Mm7op0qE,Lass,1992-03-30,Guinea,FW,W,,,2019,5.0,9.0,157.0,mls,False,False,False
N6Mm7OpxqE,Connor Brandt,1992-09-15,USA,DF,CB,,,2015,6.0,1.0,157.0,mls,False,False,False
N6MmeAowME,Amahl Pellegrino,1990-06-18,Tanzania,MF,W,,,2024,6.0,3.0,150.0,mls,False,False,False
N6MmeE3wME,Hannes Wolf,1999-04-16,Austria,MF,W,,,2024,5.0,10.0,150.0,mls,False,False,False
N6MmekpWME,Lucas Venuto,1995-01-14,Brazil,FW,W,,,2019,5.0,5.0,132.0,mls,False,False,False
N6MmelOWME,Eric Stevenson,1990-08-30,USA,FW,ST,,,2014,5.0,8.0,146.0,mls,False,False,False
N6MmezdWME,Brendan McDonough,1996-12-27,USA,DF,CB,,,2019,6.0,2.0,190.0,mls,False,False,False
N6MmeZPwME,Victor Mansaray,1997-02-22,USA,FW,ST,MF,AM,2015,5.0,11.0,181.0,mls,False,False,False
N6MmJrw5EG,Paulo Renato,1987-05-14,Portugal,DF,CB,,,2015,6.0,0.0,168.0,mls,False,False,False
N6MmKd3WqE,Amet Korça,2000-09-16,Albania,DF,CB,,,2023,,,,mls,False,False,False
N6MmL1wQEG,Agus,1985-05-03,Spain,DF,CB,,,2016,6.0,1.0,181.0,mls,False,False,False
N6MmmdWMEG,Joe Mason,1991-05-13,Republic of Ireland,FW,ST,,,2018,5.0,10.0,161.0,mls,False,False,False
N6MmoN8vqE,Dominic Iankov,2000-07-28,Bulgaria,MF,AM,,,2024,,,,mls,False,False,False
N6MmW1zgqE,Lucas Monzón,2001-09-29,Uruguay,DF,CB,,,2021,,,,mls,False,False,False
N6MmWekZqE,Vinicius Mello,2002-08-19,Brazil,MF,W,,,2023,5.0,11.0,185.0,mls,False,False,False
N6MmWW4eqE,Omar Campos,2002-07-20,Mexico,DF,FB,,,2024,5.0,9.0,143.0,mls,False,False,False
NPqxAp4mQ9,Fidel Barajas,2006-04-05,USA,MF,W,,,2024,,,,mls,False,False,False
NPqxe1RjQ9,Felipe Carballo,1996-10-04,Uruguay,MF,CM,,,2024,5.0,10.0,159.0,mls,False,False,False
NPqxeg1GQ9,Carlos Cermeño,1995-08-08,Venezuela,MF,DM,,,2017,5.0,5.0,143.0,mls,False,False,False
NPqxej8gQ9,Pedro Baez,1997-01-15,Paraguay,FW,ST,,,2016,6.0,1.0,,mls,False,False,False
NPqxepRmQ9,Ben Swanson,1997-07-18,USA,MF,DM,,,2016,5.0,6.0,130.0,mls,False,False,False
NPqxm12kQ9,Matt Van Oekel,1986-09-20,USA,GK,GK,,,2017,6.0,4.0,205.0,mls,False,False,False
NPqxmxYgQ9,Hugh Alexander Dixon,1990-02-07,USA,MF,CM,,,2013,5.0,8.0,152.0,mls,False,False,False
NPqxPAxq9d,Yannick Djaló,1986-05-05,Portugal,FW,ST,MF,W,2014,5.0,6.0,141.0,mls,False,False,False
NPqxX3mq9d,Ryan Miller,1984-12-14,USA,DF,FB,,,2013,5.0,11.0,165.0,mls,False,False,False
NPqxXDkq9d,Markus Halsti,1984-03-19,Finland,MF,CM,,,2015,6.0,0.0,174.0,mls,False,False,False
NPqxXKkq9d,Siem de Jong,1989-01-28,Netherlands,FW,ST,,,2020,6.0,1.0,168.0,mls,False,False,False
NPqxxnwjq9,Frantz Pangop,1995-03-18,Cameroon,MF,W,,,2018,5.0,10.0,165.0,mls,False,False,False
NPqxxVnWq9,Jay Joshua Herdman,2004-08-14,New Zealand,FW,W,,,2024,5.0,7.0,139.0,mls,False,False,False
NWMWbwKQlz,Eddie Gaven,1986-10-25,USA,MF,W,,,2013,6.0,0.0,165.0,mls,False,False,False
NWMWe2Yqlz,Aubrey David,1990-10-11,Trinidad & Tobago,DF,FB,,,2016,6.0,3.0,163.0,mls,False,False,False
NWMWgLbEMl,Kevin Kelsy,2004-07-27,Venezuela,FW,ST,,,2024,6.0,2.0,187.0,mls,False,False,False
NWMWj9DQlz,Justin Hoyte,1984-11-20,Trinidad & Tobago,DF,FB,,CB,2019,5.0,11.0,157.0,mls,False,False,False
NWMWlnwE5l,Bobby Edwards,1995-08-11,USA,GK,GK,,,2020,6.0,6.0,218.0,mls,False,False,False
NWMWo2GeMl,Alejandro Granados Torres,2006-05-30,Spain,MF,W,,,2023,,,,mls,False,False,False
NWMWo7zLMl,Jesus Batiz,1999-06-14,USA,MF,W,FW,ST,2023,,,,mls,False,False,False
NWMWobANMl,Ilias Iliadis,2001-03-21,Greece,DF,FB,,,2023,5.0,9.0,,mls,False,False,False
NWMWozjzMl,O’Vonte Mullings,2000-10-09,Canada,DF,FB,,,2023,5.0,10.0,163.0,mls,False,False,False
NWMWRNKQlz,Alexander Büttner,1989-02-11,Netherlands,DF,FB,,,2020,5.0,9.0,165.0,mls,False,False,False
NWMWVpyKQl,Agustín Jara,1992-06-01,Argentina,MF,W,DF,CB,2016,5.0,10.0,165.0,mls,False,False,False
NWMWwxEMlz,Thomas Piermayr,1989-08-02,Austria,DF,FB,,CB,2014,6.0,0.0,176.0,mls,False,False,False
NWMWX9mY5l,Ventura Alvarado,1992-08-16,USA,DF,FB,,,2021,5.0,11.0,157.0,mls,False,False,False
NWMWxAZ5lz,Mario de Luna,1988-01-05,Mexico,DF,CB,,,2013,5.0,10.0,168.0,mls,False,False,False
NWMWXJWj5l,Bradley Diallo,1990-07-20,France,DF,FB,,,2017,6.0,0.0,174.0,mls,False,False,False
NWMWxPK5lz,Adam Nemec,1985-09-02,Slovakia,FW,ST,,,2015,6.0,3.0,185.0,mls,False,False,False
NWMWXVDj5l,José Mari,1987-12-06,Spain,MF,CM,,,2014,5.0,11.0,152.0,mls,False,False,False
NWMWXvpj5l,Taylor Morgan,1990-10-21,England,MF,CM,,,2013,6.0,5.0,181.0,mls,False,False,False
NWMWz3LQlz,Nuno Coelho,1986-01-07,Portugal,DF,CB,,,2016,6.0,3.0,176.0,mls,False,False,False
Oa5w0DmYq1,Benjamin Stitz,2000-05-12,USA,FW,ST,,,2023,,,,mls,False,False,False
Oa5w0XDAq1,Cyprian Kachwele,2005-02-15,Tanzania,MF,CM,,,2024,6.0,3.0,152.0,mls,False,False,False
Oa5wADrAQ1,Ethan Bristow,2001-11-27,England,DF,FB,,,2023,6.0,2.0,,mls,False,False,False
Oa5wAK7jQ1,Nanu,1994-05-17,Guinea-Bissau,DF,FB,,,2022,5.0,10.0,152.0,mls,False,False,False
Oa5wAm28Q1,Joaquín Sosa,2002-01-10,Uruguay,DF,CB,,,2024,6.0,2.0,181.0,mls,False,False,False
Oa5wAP44Q1,Charles Sharp,2001-06-23,USA,FW,ST,MF,AM,2024,6.0,5.0,192.0,mls,False,False,False
Oa5wApPjQ1,Iuri Tavares,2001-03-08,Portugal,MF,W,,,2024,6.0,1.0,163.0,mls,False,False,False
Oa5wAxPYQ1,Freddy Vargas,1999-04-01,Venezuela,MF,W,,,2021,5.0,11.0,161.0,mls,False,False,False
Oa5wBOBM14,Krzysztof Krol,1987-02-06,Poland,DF,FB,,,2014,6.0,1.0,161.0,mls,False,False,False
Oa5wd77Xq1,Emmanuel Iwe,2000-12-09,USA,FW,W,,ST,2023,,,,mls,False,False,False
Oa5wdkVYq1,Jorge Cabezas,2003-09-06,Colombia,FW,ST,MF,W,2023,6.0,1.0,168.0,mls,False,False,False
Oa5wKVW514,Matt Reis,1975-03-28,USA,GK,GK,,,2013,6.0,1.0,201.0,mls,False,False,False
Oa5wm64Q14,Joaquin Velázquez,1975-08-11,Mexico,DF,CB,,,2013,5.0,11.0,181.0,mls,False,False,False
Oa5wpk4q14,David Edgar,1987-05-19,Canada,DF,CB,,,2016,6.0,3.0,190.0,mls,False,False,False
Oa5wV7lgM1,Reagan Dunk,1994-02-08,USA,DF,FB,,,2017,5.0,11.0,174.0,mls,False,False,False
Oa5wVeoYM1,Zach Steinberger,1992-05-10,USA,MF,CM,,W,2015,5.0,11.0,170.0,mls,False,False,False
Oa5wVNz8M1,Kai Koreniuk,1998-03-01,Netherlands,MF,W,,,2020,6.0,0.0,165.0,mls,False,False,False
Oa5wVojBM1,Washington Corozo,1998-07-09,Ecuador,MF,DM,,,2022,5.0,10.0,159.0,mls,False,False,False
Oa5wVOyDM1,Grant Van de Casteele,1991-05-10,USA,DF,CB,,,2014,6.0,2.0,165.0,mls,False,False,False
Oa5wVwxXM1,Aedan Stanley,1999-12-13,USA,DF,FB,,,2021,5.0,11.0,172.0,mls,False,False,False
Oa5wVXwAM1,Neco Brett,1992-03-22,Jamaica,FW,ST,,,2016,5.0,8.0,165.0,mls,False,False,False
Oa5wVYvWM1,Ezequiel Ponce,1997-03-29,Argentina,FW,ST,,,2024,5.0,9.0,165.0,mls,False,False,False
Oa5wVzD9M1,Aleksandar Radovanovic,1993-11-11,Serbia,DF,CB,,,2023,6.0,2.0,183.0,mls,False,False,False
Oa5wYlbjQ1,Santiago González,1992-06-11,Uruguay,FW,ST,MF,DM,2014,5.0,7.0,161.0,mls,False,False,False
Oa5wYoGYQ1,Juan Esteban Ortiz,1987-08-29,Colombia,MF,DM,,,2016,5.0,10.0,152.0,mls,False,False,False
Oa5wYovWQ1,Benji Joya,1993-09-22,USA,MF,W,,,2014,5.0,8.0,146.0,mls,False,False,False
Oa5wYWaBQ1,Lionard Pajoy,1981-06-07,Colombia,FW,ST,,,2013,6.0,1.0,185.0,mls,False,False,False
Oa5wYWAjQ1,Hunter Jumper,1989-02-28,USA,DF,CB,,FB,2013,6.0,2.0,176.0,mls,False,False,False
Oa5wYWg4Q1,Franck Boli,1993-12-07,Ivory Coast,FW,ST,,,2023,5.0,11.0,170.0,mls,False,False,False
Oa5wYWW9Q1,Miller Bolaños,1990-06-01,Ecuador,MF,W,FW,ST,2013,5.0,7.0,143.0,mls,False,False,False
Oa5wZWXM14,Abel Aguilar,1985-01-06,Colombia,MF,DM,,,2018,6.0,1.0,181.0,mls,False,False,False
odMX74RaQY,Matthew Nocita,2000-04-24,USA,DF,CB,,,2023,6.0,8.0,205.0,mls,False,False,False
odMX7KkoQY,Ousmane Doumbia,1992-05-21,Ivory Coast,MF,DM,,,2023,5.0,8.0,150.0,mls,False,False,False
odMX820JMY,Lucas Pittinari,1991-11-30,Argentina,MF,DM,,,2015,5.0,10.0,165.0,mls,False,False,False
odMX86Z0MY,Carlos Lizarazo,1991-04-26,Colombia,MF,AM,,,2016,5.0,7.0,148.0,mls,False,False,False
odMX87NJMY,Joshua Gatt,1991-08-29,USA,MF,W,,,2017,5.0,10.0,161.0,mls,False,False,False
odMX8NdaMY,Kevin Venegas,1989-07-29,USA,DF,FB,,,2017,5.0,10.0,150.0,mls,False,False,False
odMX8Pb0MY,Ishmael Yartey,1990-01-11,Ghana,MF,W,,,2015,5.0,6.0,143.0,mls,False,False,False
odMX8vKoMY,Yazid Atouba,1993-01-02,Cameroon,MF,W,,CM,2013,5.0,6.0,150.0,mls,False,False,False
odMX8ZE2MY,Casey Townsend,1989-07-07,USA,FW,ST,,,2013,5.0,11.0,163.0,mls,False,False,False
odMXE64e5Y,Kage Romanshyn Jr,2005-06-19,USA,FW,W,,,2024,,,,mls,False,False,False
odMXEAde5Y,Adam Beaudry,2006-04-18,USA,GK,GK,,,2024,,,,mls,False,False,False
odMXEax05Y,Alejandro Bran,2001-03-05,Costa Rica,MF,CM,,,2024,,,,mls,False,False,False
odMXGL8JQY,Logan Farrington,2001-12-14,USA,FW,ST,,,2024,6.0,2.0,,mls,False,False,False
odMXLj2MYL,Pablo Piatti,1989-03-31,Argentina,MF,W,,,2020,5.0,4.0,139.0,mls,False,False,False
odMXRrOAqY,Yeferson Quintana,1996-04-19,Uruguay,DF,CB,,,2018,6.0,4.0,196.0,mls,False,False,False
OlMl9eo45L,Jeanderson,1991-08-13,Brazil,DF,FB,,,2015,5.0,10.0,161.0,mls,False,False,False
OlMl9Jn45L,Lucas Rodríguez,1997-04-27,Argentina,MF,W,,,2019,5.0,6.0,141.0,mls,False,False,False
OlMl9L805L,Tobias Salquist,1995-05-18,Denmark,DF,CB,,,2024,6.0,3.0,187.0,mls,False,False,False
OlMl9O045L,Ethan Kutler,1995-05-01,USA,DF,FB,,,2018,5.0,11.0,154.0,mls,False,False,False
OlMl9raD5L,José Rafael Hernández,1997-06-26,Venezuela,DF,FB,,,2018,5.0,7.0,154.0,mls,False,False,False
OlMlB7yAqL,Jake Girdwood-Reich,2004-05-26,Australia,MF,CM,,,2024,6.0,1.0,165.0,mls,False,False,False
OlMldORMLz,Billy Sharp,1986-02-05,England,FW,ST,,,2023,5.0,9.0,154.0,mls,False,False,False
OlMle3AD5L,Thomas Williams,2004-08-15,USA,DF,CB,,,2022,6.0,3.0,170.0,mls,False,False,False
OlMle7jE5L,Kaveh Rad,2001-06-13,USA,DF,CB,,,2021,5.0,11.0,163.0,mls,False,False,False
OlMledDw5L,Jeizon Ramírez,2001-03-24,Venezuela,MF,W,,,2020,5.0,7.0,132.0,mls,False,False,False
OlMlekR5Lz,Mika Väyrynen,1981-12-28,Finland,MF,CM,,,2015,6.0,0.0,172.0,mls,False,False,False
OlMleNAw5L,Joey Skinner,2003-03-28,USA,MF,W,,,2024,6.0,0.0,139.0,mls,False,False,False
OlMleNXN5L,Justin Reynolds,2004-04-08,USA,DF,FB,,,2024,5.0,9.0,165.0,mls,False,False,False
OlMlePJ05L,Daniel Aceves,2001-03-28,Mexico,DF,FB,,,2023,,,,mls,False,False,False
OlMleY045L,Emiliano Brienza,2002-05-09,Canada,FW,ST,,,2022,5.0,9.0,,mls,False,False,False
OlMlgkNRQL,Gino Vivi,2000-12-20,Costa Rica,MF,W,,,2023,,,,mls,False,False,False
OlMlonPQLz,Marco Reus,1989-05-31,Germany,MF,CM,,,2024,5.0,11.0,157.0,mls,False,False,False
OlMlredgqL,Josue Soto,1989-01-03,USA,DF,FB,,,2013,5.0,9.0,157.0,mls,False,False,False
OlMlrkRPqL,Giovani Casillas,1994-01-04,Mexico,FW,ST,MF,W,2013,5.0,9.0,146.0,mls,False,False,False
OlMlrnPPqL,Matt Kassel,1989-10-30,USA,DF,FB,MF,W,2013,6.0,0.0,174.0,mls,False,False,False
OlMlrvzEqL,Brenton Griffiths,1991-02-09,Jamaica,MF,AM,,,2013,6.0,3.0,165.0,mls,False,False,False
OlMlrwAAqL,Cédric Hountondji,1994-01-19,France,MF,W,,,2018,6.0,4.0,187.0,mls,False,False,False
OlMlrWG4qL,Øyvind Alseth,1994-08-13,Norway,DF,FB,,,2017,6.0,0.0,170.0,mls,False,False,False
OlMlrZlNqL,Gbenga Arokoyo,1992-12-01,Nigeria,DF,CB,,,2016,6.0,2.0,165.0,mls,False,False,False
OlMlwxEQLz,Jamie Paterson,1991-12-20,England,MF,W,,,2024,5.0,9.0,146.0,mls,False,False,False
OlMlYYw5Lz,Ramón Núñez,1985-11-14,Honduras,MF,DM,,W,2013,5.0,7.0,139.0,mls,False,False,False
p6qb0L4M0G,Ruben Gabrielsen,1992-03-10,Norway,DF,CB,,,2022,6.0,1.0,192.0,mls,False,False,False
p6qb3zlDQ0,Nicolas Fleuriau Chateau,2002-05-21,Canada,DF,FB,FW,ST,2024,,,,mls,False,False,False
p6qbeAm650,Carlo Chueca,1993-03-23,Peru,MF,DM,,AM,2013,5.0,7.0,143.0,mls,False,False,False
p6qbeo1650,Omar Salgado,1993-09-10,USA,MF,W,FW,ST,2014,6.0,4.0,212.0,mls,False,False,False
p6qbeO2850,Bryan de la Fuente,1992-07-01,USA,MF,W,,,2013,5.0,11.0,157.0,mls,False,False,False
p6qbePyD50,Santiago Arias,1992-01-13,Colombia,DF,FB,,,2023,5.0,10.0,159.0,mls,False,False,False
p6qbeyWD50,Lucas Ontivero,1994-09-09,Argentina,MF,W,,,2016,5.0,7.0,141.0,mls,False,False,False
p6qbgbN8Q0,Sawyer Jura,2006-03-09,USA,DF,FB,,,2024,,,,mls,False,False,False
p6qboAn8Q0,Luca Orellano,2000-03-22,Argentina,DF,FB,,,2024,5.0,10.0,146.0,mls,False,False,False
p6qbOAnDQ0,Khaly Thiam,1994-01-07,Senegal,MF,DM,,CM,2016,6.0,1.0,,mls,False,False,False
p6qbokmpQ0,Jairo Quinteros,2001-02-07,Bolivia,DF,CB,,,2022,6.0,0.0,174.0,mls,False,False,False
p6qbOnRpQ0,Getterson,1991-05-16,Brazil,MF,W,,,2016,5.0,10.0,154.0,mls,False,False,False
p6qbOPb6Q0,Nathan Smith,1994-10-18,USA,DF,FB,,,2017,5.0,10.0,161.0,mls,False,False,False
p6qbOr43Q0,Raul Aguilera Jr.,1999-08-02,USA,MF,DM,,,2021,5.0,9.0,154.0,mls,False,False,False
p6qborPBQ0,Javier Otero,2002-11-18,Spain,GK,GK,,,2024,6.0,6.0,190.0,mls,False,False,False
p6qbOyLXQ0,Jaime Villarreal,1995-06-23,USA,MF,DM,,,2017,5.0,8.0,170.0,mls,False,False,False
p6qbp3XM0G,Issey Nakajima-Farran,1984-05-14,Canada,MF,W,,,2014,5.0,10.0,161.0,mls,False,False,False
p6qbpwpM0G,Jorge Bava,1981-08-02,Uruguay,GK,GK,,,2017,6.0,4.0,203.0,mls,False,False,False
p6qbRvwq0G,Terry Dunfield,1982-02-20,Canada,MF,CM,,,2013,5.0,10.0,165.0,mls,False,False,False
p6qbrx8q0G,Steve Purdy,1985-02-05,El Salvador,DF,CB,,,2013,6.0,4.0,192.0,mls,False,False,False
p6qbzJ4q0G,Eloi Amagat,1985-05-21,Spain,MF,CM,,,2018,5.0,11.0,159.0,mls,False,False,False
Pk5L167PqO,Shawn Barry,1990-04-23,USA,DF,FB,,,2018,6.0,0.0,170.0,mls,False,False,False
Pk5L1dNEqO,Alejandro Silva,1989-09-04,Uruguay,FW,W,,,2018,5.0,10.0,152.0,mls,False,False,False
Pk5L1O2DqO,Fernando Aristeguieta,1992-04-09,Venezuela,FW,ST,,,2015,6.0,2.0,181.0,mls,False,False,False
Pk5L1PrOqO,Kyle Greig,1990-02-22,USA,MF,AM,,,2017,6.0,2.0,185.0,mls,False,False,False
Pk5L7bDGMO,Mark Segbers,1996-04-18,USA,DF,FB,,,2018,5.0,9.0,161.0,mls,False,False,False
Pk5LA4YqOW,Omer Damari,1989-03-24,Israel,MF,W,,,2016,5.0,11.0,168.0,mls,False,False,False
Pk5Le6BPqO,Antino Lopez,2002-05-21,USA,MF,AM,,,2024,6.0,0.0,150.0,mls,False,False,False
Pk5LeBLLqO,Marco Angulo,2002-05-08,Ecuador,MF,CM,,,2023,5.0,8.0,139.0,mls,False,False,False
Pk5Lem7LqO,Cameron Cilley,2000-11-17,USA,FW,ST,MF,CM,2023,5.0,11.0,181.0,mls,False,False,False
Pk5LepoOqO,Omari Glasgow,2003-11-22,Guyana,MF,AM,,W,2024,5.0,9.0,152.0,mls,False,False,False
Pk5LeYlNqO,Conner Antley,1995-03-22,USA,DF,FB,,CB,2024,6.0,0.0,174.0,mls,False,False,False
Pk5Lg4yGMO,Clement Simonin,1991-01-07,France,DF,CB,,,2015,6.0,1.0,,mls,False,False,False
Pk5Lg9ADMO,Henrich Ravas,1997-08-16,Slovakia,GK,GK,,,2024,6.0,5.0,192.0,mls,False,False,False
Pk5LggA7MO,Oleksandr Svatok,1994-09-27,Ukraine,DF,CB,,,2024,6.0,1.0,172.0,mls,False,False,False
Pk5LgkeLMO,Hugo Arellano,1998-03-05,USA,DF,CB,,,2017,5.0,11.0,165.0,mls,False,False,False
Pk5LvnNQOW,Alberto Quintero,1987-12-18,Panama,MF,W,,,2016,5.0,5.0,132.0,mls,False,False,False
Pk5LzBOEQO,Alenis Vargas,2003-04-12,Honduras,FW,W,MF,W,2024,,,,mls,False,False,False
Pk5LZnOQOW,Sean St Ledger,1984-12-28,Republic of Ireland,DF,CB,,,2015,5.0,11.0,168.0,mls,False,False,False
raMy1LRMd2,Mario Martínez,1989-07-30,Honduras,MF,W,,,2013,5.0,8.0,154.0,mls,False,False,False
raMy7neqd2,Robbie Russell,1979-07-16,USA,MF,CM,,,2013,6.0,2.0,201.0,mls,False,False,False
raMyArxkMd,Zeca,1994-05-16,Brazil,DF,FB,,,2022,5.0,7.0,150.0,mls,False,False,False
raMyAWjdMd,Kevon Lambert,1997-03-22,Jamaica,DF,CB,,,2023,6.0,2.0,165.0,mls,False,False,False
raMyAx7JMd,David Milinkovic,1994-05-20,Serbia,MF,W,,AM,2020,5.0,11.0,154.0,mls,False,False,False
raMyDbBQd2,Daneil Cyrus,1990-12-15,Trinidad & Tobago,DF,CB,,FB,2015,6.0,3.0,152.0,mls,False,False,False
raMyedEkMd,Rémi Cabral,1999-07-10,France,DF,FB,,,2023,6.0,0.0,161.0,mls,False,False,False
raMyeeOAMd,Tomás Ángel,2003-02-20,Colombia,FW,ST,,,2024,5.0,9.0,,mls,False,False,False
raMyekYkMd,Miguel Perez,2005-04-28,USA,MF,DM,,CM,2023,5.0,11.0,154.0,mls,False,False,False
raMyJle5d2,Róger Torres,1991-07-13,Colombia,MF,DM,,CM,2013,5.0,5.0,141.0,mls,False,False,False
raMyoEVOqd,Aidan O'Connor,2001-10-07,USA,DF,CB,,,2024,6.0,3.0,,mls,False,False,False
raMyr4Ne5d,David Brekalo,1998-12-03,Slovenia,DF,CB,,,2024,6.0,2.0,,mls,False,False,False
raMyr9D25d,Akeem Ward,1996-01-05,USA,DF,FB,,,2019,5.0,7.0,150.0,mls,False,False,False
raMyrEDR5d,Patrickson Delgado,2003-10-17,Ecuador,MF,CM,,AM,2024,5.0,8.0,141.0,mls,False,False,False
raMyrrxd5d,Jack De Vries,2002-03-28,USA,MF,W,,AM,2020,5.0,10.0,146.0,mls,False,False,False
raMyrwkR5d,Boris Enow,2000-03-30,Cameroon,MF,CM,,,2024,,,,mls,False,False,False
raMyYgOMd2,Justin Braun,1987-03-31,USA,FW,ST,,,2013,6.0,3.0,196.0,mls,False,False,False
raMyZA6R5d,Ravel Morrison,1993-02-02,England,MF,CM,,,2022,5.0,9.0,157.0,mls,False,False,False
raMyZd6k5d,Martin Ponce,1992-06-30,Mexico,MF,CM,,,2013,5.0,10.0,141.0,mls,False,False,False
raMyZKNl5d,Bradford Rusin,1986-09-05,USA,DF,CB,,,2013,6.0,4.0,216.0,mls,False,False,False
raMyZoDk5d,Elías Vásquez,1992-06-18,Guatemala,DF,CB,,,2015,5.0,4.0,,mls,False,False,False
raMyZoye5d,Rodolfo Zelaya,1988-07-03,El Salvador,FW,W,,ST,2019,5.0,9.0,154.0,mls,False,False,False
raMyZXrR5d,Bjørn Maars Johnsen,1991-11-06,Norway,FW,ST,,,2021,6.0,5.0,179.0,mls,False,False,False
Vj5834LM8n,Julio Baptista,1981-10-01,Brazil,FW,ST,,,2016,6.0,0.0,190.0,mls,False,False,False
Vj58Ba2LQ8,Luis López,1993-09-13,Honduras,GK,GK,,,2018,6.0,0.0,176.0,mls,False,False,False
Vj58BBODQ8,Guillermo Hauche,1993-03-31,Argentina,MF,W,,,2018,5.0,11.0,159.0,mls,False,False,False
Vj58BnRDQ8,Molham Babouli,1993-01-02,Canada,FW,ST,,,2016,5.0,10.0,179.0,mls,False,False,False
Vj58BPb2Q8,Anthony Blondell,1994-05-17,Venezuela,FW,ST,,,2018,6.0,1.0,172.0,mls,False,False,False
Vj58BPvLQ8,Noah Powder,1998-10-27,USA,DF,FB,,,2021,5.0,11.0,161.0,mls,False,False,False
Vj58BVp4Q8,Cameron Lindley,1997-07-18,USA,MF,DM,,,2018,5.0,10.0,165.0,mls,False,False,False
Vj58lyym58,Emerson Rodríguez,2000-08-25,Colombia,MF,W,,,2022,5.0,9.0,150.0,mls,False,False,False
Vj58ojrM8n,Diego Polenta,1992-02-06,Uruguay,DF,CB,,,2019,6.0,1.0,174.0,mls,False,False,False
Vj58WDrM8n,Joel Lindpere,1981-10-05,Estonia,MF,W,,,2013,5.0,10.0,165.0,mls,False,False,False
Vj58WvBmM8,Isaiah Foster,2003-08-12,USA,DF,FB,,,2024,6.0,0.0,172.0,mls,False,False,False
Vj58WX4JM8,Quinn McNeill,1998-08-30,USA,MF,CM,,,2022,5.0,11.0,161.0,mls,False,False,False
Vj58YRJJq8,Kyle Zobeck,1990-02-06,USA,GK,GK,,,2020,6.0,1.0,181.0,mls,False,False,False
vzqo71pNqa,Yair Arboleda,1996-04-07,Colombia,MF,W,,,2016,5.0,8.0,159.0,mls,False,False,False
vzqo77Pkqa,Cristhian Machado,1990-06-20,Bolivia,MF,DM,,CM,2018,5.0,8.0,154.0,mls,False,False,False
vzqo7A3Lqa,Noah Billingsley,1997-08-06,New Zealand,DF,FB,,,2020,6.0,1.0,183.0,mls,False,False,False
vzqo7b9Lqa,Bryan Róchez,1995-01-01,Honduras,FW,ST,,,2015,5.0,11.0,161.0,mls,False,False,False
vzqo7j8kqa,Matías Cóccaro,1997-11-15,Uruguay,FW,ST,,,2024,5.0,10.0,161.0,mls,False,False,False
vzqo7WBNqa,Forrest Lasso,1993-05-11,USA,DF,CB,,,2019,6.0,5.0,209.0,mls,False,False,False
vzqo7xdZqa,Adrián Arregui,1992-08-12,Argentina,MF,DM,,CM,2017,5.0,9.0,163.0,mls,False,False,False
vzqo7zWLqa,Hugo Cuypers,1997-02-07,Belgium,FW,ST,,,2024,6.0,1.0,165.0,mls,False,False,False
vzqo8xZQap,David Ferreira,1979-08-09,Colombia,MF,AM,,,2013,5.0,5.0,146.0,mls,False,False,False
vzqoddNJQa,Garrison Tubbs,2002-02-17,USA,DF,CB,,,2024,6.0,4.0,161.0,mls,False,False,False
vzqodXdjQa,Jamar Ricketts,2001-10-24,USA,MF,W,,,2024,,,,mls,False,False,False
vzqoG47qap,Shaun Maloney,1983-01-24,Scotland,MF,AM,,,2015,5.0,7.0,152.0,mls,False,False,False
vzqoJLyY5a,Tarik Scott,2005-04-23,USA,MF,W,,,2024,5.0,10.0,141.0,mls,False,False,False
vzqoJzL75a,Nicholas Markanich,1999-12-26,USA,FW,ST,,,2022,,,,mls,False,False,False
vzqokoZqap,Martin Steuble,1988-06-09,Philippines,MF,CM,,,2014,5.0,8.0,159.0,mls,False,False,False
vzqoOJ2Jqa,Bertin Jacquesson,2001-11-30,France,MF,W,FW,ST,2023,6.0,0.0,181.0,mls,False,False,False
vzqoOO2Zqa,Hamady Diop,2002-06-06,Senegal,DF,FB,,,2023,6.0,0.0,,mls,False,False,False
vzqorbnB5a,Marc Pelosi,1994-06-17,USA,MF,CM,,,2015,6.0,0.0,170.0,mls,False,False,False
vzqorepv5a,Thomas,1993-02-24,Brazil,MF,W,,,2015,5.0,10.0,159.0,mls,False,False,False
vzqorgZ75a,Julio Morales,1993-12-19,Mexico,FW,ST,,,2013,5.0,11.0,163.0,mls,False,False,False
vzqorOeB5a,Éric Davis,1991-03-30,Panama,DF,FB,,,2023,5.0,11.0,172.0,mls,False,False,False
vzqorxkY5a,Alex Tambakis,1992-12-08,Greece,GK,GK,,,2017,6.0,2.0,198.0,mls,False,False,False
vzqoWPLqap,Gregory Van der Wiel,1988-02-03,Netherlands,DF,FB,,CB,2018,5.0,11.0,152.0,mls,False,False,False
wvq9eBAlqW,Ricky Lopez-Espin,1995-12-02,USA,FW,ST,,,2018,6.0,3.0,201.0,mls,False,False,False
wvq9ed47qW,Brendan McSorley,2002-02-01,USA,FW,ST,,,2024,,,,mls,False,False,False
wvq9edX1qW,Irakoze Donasiyano,1998-02-03,USA,MF,CM,,,2021,5.0,10.0,152.0,mls,False,False,False
wvq9el3NqW,Max Anchor,2004-07-21,Canada,GK,GK,,,2022,,,,mls,False,False,False
wvq9eLBwqW,Alhassan Yusuf,2000-07-18,Nigeria,MF,DM,,,2024,5.0,9.0,146.0,mls,False,False,False
wvq9emNqWn,Andrea Pisanu,1982-01-07,Italy,MF,W,,,2013,5.0,8.0,159.0,mls,False,False,False
wvq9epE3qW,Manny Perez,1999-02-19,USA,FW,ST,,,2021,6.0,0.0,150.0,mls,False,False,False
wvq9gwJZMW,Kadin Chung,1998-09-05,Canada,DF,FB,,CB,2022,5.0,7.0,146.0,mls,False,False,False
wvq9jvANQW,Markus Anderson,2003-12-11,USA,MF,CM,,,2024,6.0,1.0,,mls,False,False,False
wvq9p9y15W,Alan Benítez,1994-01-25,Paraguay,DF,FB,,,2022,5.0,10.0,152.0,mls,False,False,False
wvq9r3NQWn,Michael Videira,1986-01-06,USA,DF,FB,,,2013,5.0,5.0,174.0,mls,False,False,False
wvq9Xd3l5W,Marcos Dias,2001-11-30,Brazil,MF,W,,,2024,,,,mls,False,False,False
wvq9XpEN5W,Isak Jensen,2003-12-23,Denmark,MF,W,,,2023,6.0,1.0,201.0,mls,False,False,False
wvq9zVmQWn,Kalifa Cissé,1984-09-01,Mali,MF,CM,,DM,2013,6.0,1.0,176.0,mls,False,False,False
X0Oq6Nxq6D,Mikael Silvestre,1977-08-09,France,DF,CB,,,2013,6.0,0.0,187.0,mls,False,False,False
Xj5Y0lyMbd,Marco Fabián,1989-07-21,Mexico,MF,AM,,,2019,5.0,7.0,141.0,mls,False,False,False
Xj5Y3k0Qbd,Vito Mannone,1988-03-02,Italy,GK,GK,,,2019,6.0,2.0,170.0,mls,False,False,False
Xj5Y43nyMb,Israel Boatwright,2005-06-02,USA,DF,FB,,,2023,,,,mls,False,False,False
Xj5Y4dXMbd,Bradley Orr,1982-11-01,England,DF,CB,,,2014,6.0,1.0,196.0,mls,False,False,False
Xj5Y60Kxqb,Miki Yamane,1993-12-22,Japan,DF,FB,,,2024,5.0,10.0,159.0,mls,False,False,False
Xj5Y6knwqb,Colin Bonner,1994-05-01,USA,FW,ST,,,2016,6.0,5.0,216.0,mls,False,False,False
Xj5Y6ko0qb,Jannes Horn,1997-02-06,Germany,DF,FB,,,2024,6.0,1.0,174.0,mls,False,False,False
Xj5Y6l4Rqb,Mariano Miño,1994-03-28,Argentina,MF,CM,,,2018,5.0,3.0,137.0,mls,False,False,False
Xj5Y6n4Gqb,Sergio Ruiz,1994-12-16,Spain,MF,CM,,,2022,5.0,7.0,,mls,False,False,False
Xj5Y6wgyqb,John Berner,1991-02-14,USA,GK,GK,,,2014,6.0,3.0,207.0,mls,False,False,False
Xj5Y8BmRMb,Stefano Bonomo,1993-01-25,USA,MF,W,,,2018,6.0,2.0,170.0,mls,False,False,False
Xj5Y8rnlMb,Cole Seiler,1994-02-05,USA,DF,FB,,,2016,6.0,1.0,181.0,mls,False,False,False
Xj5Y8vrEMb,Don Anding,1991-05-31,USA,FW,ST,,,2013,5.0,11.0,168.0,mls,False,False,False
Xj5Y9eBx5b,Osman Bukari,1998-12-13,Ghana,FW,W,MF,W,2024,5.0,7.0,150.0,mls,False,False,False
Xj5Y9XZy5b,Juan Castilla,2004-07-27,Colombia,MF,AM,,CM,2021,5.0,7.0,119.0,mls,False,False,False
Xj5Yajy5bd,John Alvbage,1982-08-10,Sweden,GK,GK,,,2017,6.0,2.0,187.0,mls,False,False,False
Xj5Yj6Eqbd,Brian Mullan,1978-04-23,USA,DF,FB,,,2013,5.0,7.0,157.0,mls,False,False,False
Xj5YpDAMbd,Ryan Guy,1985-09-05,USA,MF,W,,,2013,5.0,7.0,161.0,mls,False,False,False
Xj5YrKyqbd,Chris Konopka,1985-04-14,USA,GK,GK,,,2015,6.0,5.0,216.0,mls,False,False,False
Xj5YyNjE5b,Yannick Bright,2001-09-03,Italy,MF,CM,,DM,2024,6.0,0.0,,mls,False,False,False
XVqK2D6R50,Nikola Petkovic,2003-02-23,Serbia,MF,CM,,AM,2024,,,,mls,False,False,False
XVqK8BaQ01,Armando Lozano,1984-12-16,Spain,DF,CB,,,2014,6.0,1.0,176.0,mls,False,False,False
XVqK8xBQ01,Jordon Mutch,1991-12-02,England,MF,CM,,,2018,6.0,0.0,179.0,mls,False,False,False
XVqKeenNM0,Alex Villanueva,2002-07-09,USA,DF,FB,,,2021,5.0,7.0,135.0,mls,False,False,False
XVqKemLRM0,Zayden Bello,2002-06-24,Australia,MF,W,,,2023,6.0,1.0,,mls,False,False,False
XVqKeRLNM0,Paul Gindiri,2002-07-26,USA,FW,ST,MF,W,2023,6.0,0.0,179.0,mls,False,False,False
XVqKevGNM0,Edward Opoku,1996-08-01,Ghana,MF,W,,,2018,5.0,7.0,141.0,mls,False,False,False
XVqKvYD501,Sherjill MacDonald,1984-11-20,Netherlands,FW,ST,,,2013,6.0,0.0,174.0,mls,False,False,False
XVqKwawq01,Walter Martinez,1982-03-24,Honduras,MF,W,,,2013,5.0,6.0,146.0,mls,False,False,False
XVqKWP2wq0,Rodrigo Ramos,1995-05-24,Brazil,DF,FB,,,2016,5.0,8.0,146.0,mls,False,False,False
XVqKWw32q0,Marko Ilić,1998-02-03,Serbia,GK,GK,,,2023,6.0,3.0,179.0,mls,False,False,False
XVqKYb9aM0,Matt Crooks,1994-01-20,England,MF,AM,,,2024,6.0,3.0,159.0,mls,False,False,False
XVqKYeYwM0,Corey Hertzog,1990-08-01,USA,FW,ST,,W,2013,6.0,0.0,174.0,mls,False,False,False
XVqKYj3DM0,Zakaria Diallo,1986-08-13,France,DF,CB,,,2019,6.0,5.0,194.0,mls,False,False,False
XVqKYzG0M0,Nazmi Albadawi,1991-08-24,Palestine,MF,DM,,,2019,5.0,11.0,170.0,mls,False,False,False
xW5p7vJMg1,Nigel de Jong,1984-11-30,Netherlands,MF,DM,,CM,2016,5.0,9.0,159.0,mls,False,False,False
xW5p8k95g1,Walter Vílchez,1982-02-20,Peru,DF,CB,,,2013,6.0,0.0,176.0,mls,False,False,False
xW5pkAYMg1,Danny Koevermans,1978-11-01,Netherlands,FW,ST,,,2013,6.0,3.0,176.0,mls,False,False,False
xW5pLxJ5g1,Darren O'Dea,1987-02-04,Republic of Ireland,DF,CB,,FB,2013,6.0,1.0,181.0,mls,False,False,False
xW5pmRRqg1,Reggie Lambe,1991-02-04,Bermuda,MF,W,,,2013,5.0,7.0,152.0,mls,False,False,False
xW5pr6gRQg,Diogo Gonçalves,1997-02-06,Portugal,MF,AM,,W,2024,5.0,10.0,154.0,mls,False,False,False
xW5pr8kKQg,Braian Cufré,1996-12-15,Argentina,DF,FB,,,2023,5.0,10.0,181.0,mls,False,False,False
xW5prAPKQg,Adam Najem,1995-01-19,USA,MF,AM,,,2017,5.0,8.0,154.0,mls,False,False,False
xW5prmvGQg,Dion Pereira,1999-03-25,England,MF,W,DF,FB,2019,,,,mls,False,False,False
xW5prwxdQg,Keyner Brown,1991-12-30,Costa Rica,DF,CB,,,2016,6.0,2.0,,mls,False,False,False
xW5pw0L6Mg,Christopher Olney Jr.,2006-12-16,USA,MF,CM,,,2024,,,,mls,False,False,False
xW5pw0RGMg,Nabilai Kibunguchy,1998-01-05,USA,MF,DM,,,2022,6.0,3.0,187.0,mls,False,False,False
xW5pw8KGMg,Lawrence Ennali,2002-03-07,Germany,MF,W,,,2024,5.0,8.0,123.0,mls,False,False,False
xW5pwEwGMg,Finn Surman,2003-09-23,New Zealand,DF,CB,,,2024,6.0,3.0,,mls,False,False,False
xW5pwWRKMg,Adam Pearlman,2005-04-05,USA,DF,CB,,,2023,,,,mls,False,False,False
xW5pxemB5g,Jamal Blackman,1993-10-27,England,GK,GK,,,2021,6.0,6.0,203.0,mls,False,False,False
xW5pXjB5g1,Vadim Demidov,1986-10-10,Norway,DF,CB,,,2017,6.0,1.0,176.0,mls,False,False,False
xW5pxjEl5g,Juan Fernando Caicedo,1989-07-12,Colombia,FW,ST,,,2019,5.0,11.0,170.0,mls,False,False,False
xW5pxyLJ5g,Bilal Duckett,1989-01-09,USA,DF,FB,,,2013,6.0,2.0,165.0,mls,False,False,False
xW5pxyYl5g,Victor Pineda,1993-05-15,USA,MF,W,,,2014,5.0,11.0,141.0,mls,False,False,False
xW5pyAAGqg,Anthony Ramirez,2005-12-22,USA,MF,DM,,,2024,,,,mls,False,False,False
xW5pybLJqg,Gastón González,2001-06-27,Argentina,MF,W,DF,FB,2023,,,,mls,False,False,False
xW5pynPBqg,Guilherme Biro,2000-05-01,Brazil,DF,FB,,,2024,,,,mls,False,False,False
xW5pyO7Bqg,Easton Ongaro,1998-06-05,Canada,FW,ST,,,2022,6.0,6.0,185.0,mls,False,False,False
xW5pyx70qg,Tucker Lepley,2002-01-17,USA,MF,DM,,,2024,5.0,4.0,126.0,mls,False,False,False
xW5pZo6Qg1,Alain Rochat,1983-02-01,Switzerland,DF,FB,,,2013,6.0,0.0,172.0,mls,False,False,False
zeQZ0az5Kw,Michael Gspurning,1981-05-02,Austria,GK,GK,,,2013,6.0,5.0,209.0,mls,False,False,False
zeQZ7z3zMK,Ben Reveno,1999-03-29,USA,MF,W,,,2022,,,,mls,False,False,False
zeQZEkYqKw,Nelson Rivas,1983-03-25,Colombia,DF,CB,,,2013,5.0,11.0,209.0,mls,False,False,False
zeQZeZDNqK,Antony Curic,2001-01-16,Canada,DF,FB,,,2023,6.0,3.0,174.0,mls,False,False,False
zeQZJ63xQK,Dixon Arroyo,1992-06-01,Ecuador,MF,CM,,DM,2023,5.0,10.0,161.0,mls,False,False,False
zeQZJAYZQK,Gabriel Somi,1991-08-24,Sweden,DF,FB,,,2018,5.0,9.0,148.0,mls,False,False,False
zeQZJkwzQK,Brayan Beckeles,1985-11-28,Honduras,DF,FB,,,2020,6.0,1.0,176.0,mls,False,False,False
zeQZJPAgQK,Jerome Kiesewetter,1993-02-09,USA,MF,W,,,2020,6.0,0.0,176.0,mls,False,False,False
zeQZJwENQK,Marvin Iraheta,1992-05-31,El Salvador,MF,CM,,,2013,5.0,9.0,157.0,mls,False,False,False
zeQZKbYMKw,Luis Suárez,1987-01-24,Uruguay,FW,ST,,,2024,6.0,0.0,190.0,mls,False,False,False
zeQZkkOjMK,Chris Rindov,2001-10-08,USA,DF,CB,,,2023,6.0,2.0,190.0,mls,False,False,False
zeQZX6bK5K,Roald Mitchell,2003-01-13,USA,FW,ST,,,2024,6.0,1.0,161.0,mls,False,False,False
zeQZXgmg5K,Marino Hinestroza,2002-07-08,Colombia,MF,AM,,,2024,5.0,7.0,132.0,mls,False,False,False
zeQZXlXx5K,Collin Smith,2003-12-04,USA,DF,FB,MF,W,2023,5.0,11.0,161.0,mls,False,False,False
